City_ID,City,Lat,Lng,Max Temp,Humidity,Cloudiness,Wind Speed,Country,Date
0,Ribeira Grande,38.5167,-28.7,59.05,84,94,12.75,PT,2021-02-06 00:10:04
1,Beringovskiy,63.05,179.3167,-3.77,88,100,8.86,RU,2021-02-06 00:10:04
2,Te Anau,-45.4167,167.7167,72.86,47,88,1.95,NZ,2021-02-06 00:10:05
3,Mataura,-46.1927,168.8643,73.51,48,62,3.04,NZ,2021-02-06 00:10:05
4,Avarua,-21.2078,-159.775,86.0,70,20,13.8,CK,2021-02-06 00:10:06
5,Kodiak,57.79,-152.4072,39.2,65,75,14.97,US,2021-02-06 00:10:06
6,Klyuchi,52.2667,79.1667,29.07,99,100,6.51,RU,2021-02-06 00:10:06
7,Waverly,42.7392,-84.6208,17.01,86,90,18.41,US,2021-02-06 00:10:07
8,Busselton,-33.65,115.3333,62.01,75,95,1.99,AU,2021-02-06 00:10:07
9,Viedma,-40.8135,-62.9967,70.0,77,0,1.01,AR,2021-02-06 00:06:17
10,Lavrentiya,65.5833,-171.0,3.18,93,100,13.44,RU,2021-02-06 00:10:08
11,Luganville,-15.5333,167.1667,85.28,64,73,4.0,VU,2021-02-06 00:10:08
12,Torbay,47.6666,-52.7314,36.0,100,90,23.02,CA,2021-02-06 00:10:08
13,Manadhoo,5.7667,73.3833,81.28,75,53,9.62,MV,2021-02-06 00:05:37
14,Saint-Augustin,51.226,-58.6502,29.89,97,97,11.72,CA,2021-02-06 00:10:09
15,Rikitea,-23.1203,-134.9692,79.07,69,5,12.66,PF,2021-02-06 00:10:09
16,Prado,-17.3411,-39.2208,79.83,82,78,15.26,BR,2021-02-06 00:10:10
17,Butaritari,3.0707,172.7902,81.7,80,81,19.01,KI,2021-02-06 00:10:10
18,Oga,46.4631,10.347,41.0,93,75,11.5,IT,2021-02-06 00:10:10
19,Hobart,-42.8794,147.3294,73.99,64,75,10.36,AU,2021-02-06 00:10:10
20,San Patricio,28.017,-97.5169,59.0,72,90,11.5,US,2021-02-06 00:10:11
21,Puro,12.4841,123.3827,79.3,81,27,10.98,PH,2021-02-06 00:10:11
22,Svetlogorsk,52.6333,29.7333,12.85,96,81,7.99,BY,2021-02-06 00:10:11
23,Lompoc,34.6391,-120.4579,64.4,52,1,11.5,US,2021-02-06 00:05:32
24,Vaini,-21.2,-175.2,84.2,84,75,4.61,TO,2021-02-06 00:10:12
25,Manzhouli,49.6,117.4333,-6.63,89,12,7.74,CN,2021-02-06 00:10:12
26,Port Hardy,50.6996,-127.4199,44.6,70,75,8.05,CA,2021-02-06 00:10:13
27,Karratha,-20.7377,116.8463,81.37,71,20,10.29,AU,2021-02-06 00:06:00
28,Fare,-16.7,-151.0167,80.91,68,10,5.59,PF,2021-02-06 00:10:14
29,Tuatapere,-46.1333,167.6833,67.28,65,90,5.68,NZ,2021-02-06 00:10:14
30,Tasiilaq,65.6145,-37.6368,28.4,59,75,5.75,GL,2021-02-06 00:05:19
31,Barrow,71.2906,-156.7887,-9.4,70,20,11.5,US,2021-02-06 00:10:14
32,Leningradskiy,69.3833,178.4167,-9.67,87,100,8.23,RU,2021-02-06 00:10:15
33,Longyearbyen,78.2186,15.6401,28.4,69,75,16.11,SJ,2021-02-06 00:09:03
34,Anadyr,64.75,177.4833,0.0,85,75,15.66,RU,2021-02-06 00:10:16
35,Kimbe,-5.5502,150.1429,84.16,72,75,3.4,PG,2021-02-06 00:10:16
36,Upernavik,72.7868,-56.1549,3.45,70,59,5.55,GL,2021-02-06 00:10:17
37,Emerald,-23.5333,148.1667,86.0,58,40,11.5,AU,2021-02-06 00:10:17
38,Ornskoldsvik,63.2909,18.7153,12.2,100,0,10.36,SE,2021-02-06 00:10:17
39,Assiniboia,49.6334,-105.9845,-9.4,70,96,13.8,CA,2021-02-06 00:10:17
40,Lebu,-37.6167,-73.65,59.04,89,5,5.59,CL,2021-02-06 00:10:18
41,Aklavik,68.2191,-135.0107,-32.8,75,20,3.44,CA,2021-02-06 00:10:18
42,Atuona,-9.8,-139.0333,79.16,82,6,18.25,PF,2021-02-06 00:10:18
43,Jamestown,42.097,-79.2353,23.0,68,90,19.57,US,2021-02-06 00:07:19
44,Port Alfred,-33.5906,26.891,70.0,93,92,14.58,ZA,2021-02-06 00:10:19
45,Ustrzyki Dolne,49.4304,22.5938,24.01,98,100,2.68,PL,2021-02-06 00:10:19
46,Souillac,-20.5167,57.5167,77.0,83,75,3.44,MU,2021-02-06 00:10:20
47,Saint-Jean-De-Maurienne,45.1667,6.5833,46.99,67,93,7.83,FR,2021-02-06 00:10:20
48,Paamiut,61.994,-49.6678,21.0,77,5,6.73,GL,2021-02-06 00:10:20
49,Punta Arenas,-53.15,-70.9167,51.8,50,0,18.41,CL,2021-02-06 00:10:21
50,Cockburn Town,21.4612,-71.1419,77.0,78,40,11.5,TC,2021-02-06 00:05:45
51,Auki,-8.7676,160.7034,82.87,76,79,9.78,SB,2021-02-06 00:10:21
52,Beloha,-25.1667,45.05,75.06,94,95,3.6,MG,2021-02-06 00:10:22
53,Puerto Ayora,-0.7393,-90.3518,78.01,92,98,5.01,EC,2021-02-06 00:10:22
54,Saint-Pierre,-21.3393,55.4781,78.8,65,0,6.91,RE,2021-02-06 00:10:22
55,Albany,42.6001,-73.9662,37.99,67,85,6.82,US,2021-02-06 00:07:17
56,Gilgit,35.9221,74.3087,25.77,48,3,3.83,PK,2021-02-06 00:10:23
57,Lorengau,-2.0226,147.2712,84.11,68,75,6.38,PG,2021-02-06 00:10:23
58,Almaznyy,48.0448,40.045,23.0,74,75,15.66,RU,2021-02-06 00:06:12
59,Kapaa,22.0752,-159.319,71.6,56,20,6.91,US,2021-02-06 00:10:24
60,San Quintin,30.4833,-115.95,60.64,72,0,13.42,MX,2021-02-06 00:10:24
61,Nikolskoye,59.7035,30.7861,12.0,78,75,11.18,RU,2021-02-06 00:10:24
62,Srednekolymsk,67.45,153.6833,-23.48,84,6,0.54,RU,2021-02-06 00:10:25
63,Tazovskiy,67.4667,78.7,-35.93,82,56,5.79,RU,2021-02-06 00:10:25
64,Kanakapura,12.55,77.4167,61.2,85,13,3.4,IN,2021-02-06 00:10:25
65,Constitucion,-35.3333,-72.4167,58.1,87,18,1.1,CL,2021-02-06 00:10:26
66,Kahului,20.8947,-156.47,75.2,57,40,10.36,US,2021-02-06 00:10:26
67,Price,39.5994,-110.8107,33.8,75,90,11.5,US,2021-02-06 00:09:36
68,Severo-Kurilsk,50.6789,156.125,15.58,82,69,5.32,RU,2021-02-06 00:10:27
69,Shimoda,34.6667,138.95,55.4,41,40,12.66,JP,2021-02-06 00:10:27
70,Barra Patuca,15.8,-84.2833,77.99,84,34,11.25,HN,2021-02-06 00:10:27
71,Pevek,69.7008,170.3133,-16.29,85,25,1.07,RU,2021-02-06 00:10:28
72,Padang,-0.9492,100.3543,73.4,94,20,2.3,ID,2021-02-06 00:10:28
73,Inhambane,-23.865,35.3833,78.71,86,100,7.54,MZ,2021-02-06 00:10:28
74,Saint-Philippe,-21.3585,55.7679,78.8,65,0,6.91,RE,2021-02-06 00:10:29
75,Pakxe,15.1167,105.7833,66.07,79,7,2.04,LA,2021-02-06 00:10:29
76,Terrace,54.5163,-128.6035,33.8,100,90,12.66,CA,2021-02-06 00:10:29
77,Dasol,15.9902,119.8828,79.09,67,42,5.48,PH,2021-02-06 00:10:29
78,Constantine,36.365,6.6147,60.8,29,0,13.8,DZ,2021-02-06 00:10:30
79,Oranjestad,12.524,-70.027,80.6,78,20,16.11,AW,2021-02-06 00:10:30
80,Keuruu,62.2667,24.7,8.01,92,20,8.05,FI,2021-02-06 00:10:31
81,Hermanus,-34.4187,19.2345,66.99,88,4,1.99,ZA,2021-02-06 00:10:31
82,Tezu,27.9167,96.1667,59.94,30,17,3.98,IN,2021-02-06 00:10:31
83,Sarrebourg,48.7333,7.05,46.4,93,90,4.61,FR,2021-02-06 00:10:32
84,Ushuaia,-54.8,-68.3,46.4,76,75,25.32,AR,2021-02-06 00:10:32
85,Uddevalla,58.3478,11.9424,21.99,86,90,5.75,SE,2021-02-06 00:10:32
86,High Level,58.5169,-117.136,-16.6,69,1,3.44,CA,2021-02-06 00:10:21
87,Bluff,-46.6,168.3333,59.52,73,72,2.82,NZ,2021-02-06 00:10:34
88,Dikson,73.5069,80.5464,-31.38,85,5,10.94,RU,2021-02-06 00:10:34
89,Saint George,37.1041,-113.5841,59.0,23,1,17.27,US,2021-02-06 00:08:07
90,Hithadhoo,-0.6,73.0833,82.2,79,100,13.29,MV,2021-02-06 00:10:34
91,Ihosy,-22.4,46.1167,71.02,90,100,1.3,MG,2021-02-06 00:10:35
92,Ostrovnoy,68.0531,39.5131,13.66,92,100,10.38,RU,2021-02-06 00:10:35
93,Esperance,-33.8667,121.9,60.8,94,90,8.05,AU,2021-02-06 00:10:35
94,Luderitz,-26.6481,15.1594,70.75,51,0,20.22,NA,2021-02-06 00:10:35
95,Haines Junction,60.7522,-137.5108,-11.2,64,97,1.63,CA,2021-02-06 00:10:35
96,Paka,4.6374,103.4368,75.2,100,40,6.62,MY,2021-02-06 00:10:35
97,Muli,2.9167,73.5667,80.92,76,89,11.83,MV,2021-02-06 00:10:35
98,Faya,18.3851,42.4509,55.4,50,0,10.36,SA,2021-02-06 00:06:02
99,Palmer,42.1584,-72.3287,35.6,80,20,5.3,US,2021-02-06 00:09:21
100,Payson,40.0444,-111.7321,37.0,86,90,8.05,US,2021-02-06 00:10:36
101,Meulaboh,4.1363,96.1285,75.79,87,33,3.96,ID,2021-02-06 00:10:36
102,Sao Joao Da Barra,-21.6403,-41.0511,76.28,94,97,7.05,BR,2021-02-06 00:10:36
103,Ponta Delgada,37.7333,-25.6667,57.0,94,75,4.61,PT,2021-02-06 00:10:36
104,Port Lincoln,-34.7333,135.8667,64.78,76,90,15.86,AU,2021-02-06 00:10:36
105,Ca Mau,9.1769,105.15,74.91,79,44,5.7,VN,2021-02-06 00:10:36
106,Udachnyy,66.4167,112.4,-37.62,78,25,2.15,RU,2021-02-06 00:10:36
107,Svetlyy,54.675,20.1347,12.2,85,75,6.71,RU,2021-02-06 00:10:36
108,Georgetown,5.4112,100.3354,79.0,83,20,6.24,MY,2021-02-06 00:10:28
109,Bengkulu,-3.8004,102.2655,76.17,83,82,5.26,ID,2021-02-06 00:10:37
110,Khatanga,71.9667,102.5,-33.99,78,10,7.29,RU,2021-02-06 00:10:37
111,Lafia,8.4833,8.5167,77.31,20,1,1.77,NG,2021-02-06 00:10:37
112,Ayolas,-27.4,-56.9,69.04,68,0,5.61,PY,2021-02-06 00:10:37
113,Vila,42.0304,-8.1588,45.0,91,99,9.37,PT,2021-02-06 00:10:37
114,Los Llanos De Aridane,28.6585,-17.9182,60.8,48,0,14.97,ES,2021-02-06 00:10:37
115,Kamaishi,39.2667,141.8833,33.8,100,75,3.44,JP,2021-02-06 00:10:37
116,Bredasdorp,-34.5322,20.0403,60.8,94,13,1.14,ZA,2021-02-06 00:10:37
117,Mount Gambier,-37.8333,140.7667,62.6,72,40,13.8,AU,2021-02-06 00:10:37
118,Kihei,20.785,-156.4656,75.2,57,40,10.36,US,2021-02-06 00:08:44
119,Katherine,-14.4667,132.2667,77.0,94,90,5.75,AU,2021-02-06 00:10:37
120,Sassandra,4.95,-6.0833,78.69,89,9,7.99,CI,2021-02-06 00:10:38
121,Kavieng,-2.5744,150.7967,80.19,82,100,9.84,PG,2021-02-06 00:10:38
122,Trat,12.5,102.5,71.87,77,54,3.89,TH,2021-02-06 00:10:39
123,New Norfolk,-42.7826,147.0587,73.99,81,74,1.99,AU,2021-02-06 00:10:39
124,Rio Grande,-32.035,-52.0986,63.0,89,34,15.57,BR,2021-02-06 00:08:34
125,Cape Town,-33.9258,18.4232,69.01,88,0,18.41,ZA,2021-02-06 00:09:02
126,Cidreira,-30.1811,-50.2056,68.14,70,15,15.14,BR,2021-02-06 00:10:40
127,Mbumi,-7.9058,39.2105,73.38,95,13,1.39,TZ,2021-02-06 00:10:40
128,Narsaq,60.9167,-46.05,17.6,45,0,3.44,GL,2021-02-06 00:10:40
129,Castro,-24.7911,-50.0119,60.96,56,0,1.36,BR,2021-02-06 00:10:41
130,Faanui,-16.4833,-151.75,81.5,64,1,2.95,PF,2021-02-06 00:10:41
131,Norman Wells,65.282,-126.8329,-27.4,68,75,2.3,CA,2021-02-06 00:10:41
132,Jogindarnagar,31.9833,76.7667,44.24,50,0,5.35,IN,2021-02-06 00:10:41
133,Raudeberg,61.9875,5.1352,28.4,46,0,12.66,NO,2021-02-06 00:10:42
134,Kijang,35.2442,129.2139,28.4,80,0,4.61,KR,2021-02-06 00:10:42
135,Carnarvon,-24.8667,113.6333,80.6,100,90,21.85,AU,2021-02-06 00:10:42
136,Laem Sing,12.4816,102.0738,73.99,89,15,4.18,TH,2021-02-06 00:10:43
137,Monrovia,6.3005,-10.7969,77.0,94,20,8.68,LR,2021-02-06 00:10:43
138,Provideniya,64.3833,-173.3,8.22,92,100,11.05,RU,2021-02-06 00:10:43
139,Touros,-5.1989,-35.4608,78.8,78,0,5.75,BR,2021-02-06 00:10:43
140,Caravelas,-17.7125,-39.2481,80.2,80,97,14.56,BR,2021-02-06 00:10:44
141,Bubaque,11.2833,-15.8333,79.11,61,100,17.83,GW,2021-02-06 00:10:44
142,Mahebourg,-20.4081,57.7,77.0,88,75,6.91,MU,2021-02-06 00:10:44
143,Yellowknife,62.456,-114.3525,-31.0,68,90,11.5,CA,2021-02-06 00:10:44
144,Husavik,66.0449,-17.3389,32.0,64,20,4.61,IS,2021-02-06 00:10:45
145,Cabo San Lucas,22.8909,-109.9124,80.6,36,20,3.44,MX,2021-02-06 00:09:01
146,Port Macquarie,-31.4333,152.9167,84.0,54,83,1.99,AU,2021-02-06 00:10:45
147,Qaanaaq,77.484,-69.3632,-5.66,77,100,8.34,GL,2021-02-06 00:10:45
148,Pokhara,28.2333,83.9833,48.15,48,26,6.33,NP,2021-02-06 00:07:05
149,Dukat,62.55,155.55,-18.87,87,91,2.51,RU,2021-02-06 00:10:46
150,Jiangyou,31.7667,104.7167,43.2,66,0,2.42,CN,2021-02-06 00:10:46
151,Inirida,3.8653,-67.9239,76.35,93,100,1.66,CO,2021-02-06 00:10:47
152,Ahipara,-35.1667,173.1667,71.46,65,100,3.6,NZ,2021-02-06 00:10:47
153,Airai,-8.9266,125.4092,63.19,100,100,3.89,TL,2021-02-06 00:10:47
154,Aksarka,66.5606,67.7975,-20.81,87,100,13.73,RU,2021-02-06 00:10:48
155,La Crau,43.1498,6.0743,57.2,77,0,9.22,FR,2021-02-06 00:10:48
156,Iqaluit,63.7506,-68.5145,23.0,86,75,27.63,CA,2021-02-06 00:10:49
157,Alofi,-19.0595,-169.9187,78.8,89,100,14.97,NU,2021-02-06 00:10:49
158,Fort Frances,48.5999,-93.4003,1.99,66,90,16.11,CA,2021-02-06 00:10:49
159,Itarema,-2.9248,-39.9167,78.13,81,17,11.68,BR,2021-02-06 00:10:50
160,Sao Paulo De Olivenca,-3.3783,-68.8725,72.57,99,100,1.97,BR,2021-02-06 00:10:50
161,Kangaba,11.9333,-8.4167,78.03,18,80,2.37,ML,2021-02-06 00:10:50
162,Lasa,46.6166,10.7002,41.0,93,0,5.75,IT,2021-02-06 00:10:51
163,Hilo,19.7297,-155.09,78.8,57,75,11.5,US,2021-02-06 00:10:17
164,Ulaangom,49.9811,92.0667,-3.1,89,100,0.4,MN,2021-02-06 00:10:51
165,Kandalaksha,67.162,32.4123,14.0,95,100,4.88,RU,2021-02-06 00:10:52
166,Neftegorsk,52.802,51.166,23.5,98,100,11.34,RU,2021-02-06 00:10:52
167,Saskylakh,71.9167,114.0833,-30.51,83,87,5.32,RU,2021-02-06 00:10:52
168,Atasu,48.6814,71.6433,23.94,96,91,5.61,KZ,2021-02-06 00:10:52
169,Poum,-20.2333,164.0167,79.88,72,5,8.34,NC,2021-02-06 00:10:53
170,Luwuk,-0.9516,122.7875,79.02,73,100,4.16,ID,2021-02-06 00:10:54
171,Two Rivers,44.1539,-87.5693,12.0,79,90,12.66,US,2021-02-06 00:10:54
172,Amarwara,22.3,79.1667,52.38,81,0,8.16,IN,2021-02-06 00:10:54
173,Saldanha,-33.0117,17.9442,62.6,82,0,10.36,ZA,2021-02-06 00:10:55
174,East London,-33.0153,27.9116,73.62,89,99,10.02,ZA,2021-02-06 00:10:55
175,Port Blair,11.6667,92.75,77.86,75,37,7.36,IN,2021-02-06 00:10:56
176,Samal,7.0744,125.7083,77.0,100,40,5.75,PH,2021-02-06 00:10:56
177,Bozdar,27.1828,68.636,51.8,76,0,2.75,PK,2021-02-06 00:10:56
178,Clyde River,70.4692,-68.5914,-14.8,76,90,11.5,CA,2021-02-06 00:10:57
179,Bathsheba,13.2167,-59.5167,78.8,57,20,18.41,BB,2021-02-06 00:10:57
180,Arraial Do Cabo,-22.9661,-42.0278,75.97,93,100,7.99,BR,2021-02-06 00:10:57
181,Katobu,-4.9408,122.5276,80.06,83,95,5.57,ID,2021-02-06 00:10:58
182,Mbour,14.422,-16.9638,62.6,82,0,18.41,SN,2021-02-06 00:10:58
183,Bartoszyce,54.2535,20.8082,16.5,95,82,6.24,PL,2021-02-06 00:10:58
184,Dhamtari,20.7072,81.5497,62.6,48,20,6.91,IN,2021-02-06 00:10:58
185,Mar Del Plata,-38.0023,-57.5575,69.8,46,0,5.75,AR,2021-02-06 00:06:58
186,Bethel,41.3712,-73.414,36.0,93,1,4.47,US,2021-02-06 00:10:01
187,Ponta Do Sol,32.6667,-17.1,51.01,69,35,1.99,PT,2021-02-06 00:10:59
188,Kifri,34.6959,44.9661,57.47,73,100,7.58,IQ,2021-02-06 00:11:00
189,Bilibino,68.0546,166.4372,-11.06,77,30,4.03,RU,2021-02-06 00:11:00
190,Alihe,50.5667,123.7167,-13.23,83,10,3.65,CN,2021-02-06 00:11:00
191,Cherskiy,68.75,161.3,-14.35,77,2,1.86,RU,2021-02-06 00:11:01
192,Lagos,6.5833,3.75,82.4,89,20,6.91,NG,2021-02-06 00:08:44
193,Port Elizabeth,-33.918,25.5701,71.6,88,90,6.91,ZA,2021-02-06 00:11:01
194,Komsomolskiy,40.4272,71.7189,41.0,42,100,6.91,UZ,2021-02-06 00:11:02
195,Comodoro Rivadavia,-45.8667,-67.5,60.8,59,0,13.8,AR,2021-02-06 00:11:02
196,Ilulissat,69.2167,-51.1,10.4,31,2,12.66,GL,2021-02-06 00:11:03
197,Hobyo,5.3505,48.5268,75.96,75,41,15.12,SO,2021-02-06 00:11:03
198,Geraldton,-28.7667,114.6,62.6,82,90,26.46,AU,2021-02-06 00:11:03
199,Molokovo,58.1661,36.7628,2.1,93,99,9.84,RU,2021-02-06 00:11:04
200,Bacolod,10.6667,122.95,80.44,75,57,10.45,PH,2021-02-06 00:11:04
201,Sept-Iles,50.2001,-66.3821,32.0,93,100,10.36,CA,2021-02-06 00:11:04
202,Preobrazheniye,42.9019,133.9064,27.41,90,58,4.29,RU,2021-02-06 00:11:05
203,Nemuro,43.3236,145.575,21.2,79,75,1.14,JP,2021-02-06 00:11:05
204,Kaeo,-35.1,173.7833,70.74,66,100,5.97,NZ,2021-02-06 00:11:05
205,Telimele,10.9167,-13.3333,65.28,82,5,0.74,GN,2021-02-06 00:11:05
206,Isernia,41.6002,14.2382,54.0,73,17,3.0,IT,2021-02-06 00:11:06
207,Teguldet,57.3064,88.1667,7.2,94,100,4.79,RU,2021-02-06 00:11:06
208,Palana,59.1167,159.9667,-1.21,91,24,5.57,RU,2021-02-06 00:11:06
209,Gimli,50.6336,-96.9907,-4.0,65,100,10.36,CA,2021-02-06 00:11:07
210,Fort Nelson,58.8053,-122.7002,-13.0,64,20,6.91,CA,2021-02-06 00:11:07
211,Chumikan,54.7183,135.315,-12.41,87,100,13.53,RU,2021-02-06 00:11:07
212,Bemidji,47.4736,-94.8803,-0.99,71,1,18.41,US,2021-02-06 00:11:08
213,Silver City,32.7701,-108.2803,55.4,21,1,24.16,US,2021-02-06 00:11:08
214,Pauri,30.15,78.7833,36.82,78,8,4.74,IN,2021-02-06 00:11:08
215,Albstadt,48.2164,9.026,44.01,10,100,1.03,DE,2021-02-06 00:11:08
216,Kropotkin,45.4375,40.5756,31.98,90,32,15.26,RU,2021-02-06 00:11:08
217,Salekhard,66.53,66.6019,-19.7,87,100,15.26,RU,2021-02-06 00:08:54
218,Yuli,9.6989,10.2744,73.83,23,13,9.04,NG,2021-02-06 00:11:08
219,Amarante Do Maranhao,-5.5667,-46.7422,74.08,94,99,2.48,BR,2021-02-06 00:11:08
220,Salym,60.0625,71.4789,26.87,98,100,7.83,RU,2021-02-06 00:11:08
221,Richards Bay,-28.783,32.0377,75.43,91,98,2.17,ZA,2021-02-06 00:10:55
222,Barra Do Garcas,-15.89,-52.2567,77.04,83,98,2.59,BR,2021-02-06 00:11:09
223,Haverfordwest,51.8017,-4.9691,43.0,89,92,1.61,GB,2021-02-06 00:11:09
224,Laguna,38.421,-121.4238,64.4,34,1,3.44,US,2021-02-06 00:11:09
225,Kurri Kurri,-32.8167,151.4833,77.0,82,100,3.11,AU,2021-02-06 00:11:09
226,Lovozero,68.005,35.0117,10.96,95,100,4.99,RU,2021-02-06 00:11:09
227,Atambua,-9.1061,124.8925,75.15,89,100,2.55,ID,2021-02-06 00:11:09
228,Chapais,49.7834,-74.8492,23.0,86,90,18.41,CA,2021-02-06 00:11:09
229,Maarianhamina,60.0973,19.9348,12.2,73,20,8.05,AX,2021-02-06 00:11:09
230,El Cope,8.6167,-80.6,84.2,65,0,13.8,PA,2021-02-06 00:11:09
231,Roznava,48.6601,20.5376,33.8,100,90,5.75,SK,2021-02-06 00:11:09
232,Singaraja,-8.112,115.0882,81.1,74,100,5.48,ID,2021-02-06 00:11:10
233,Taikang,46.8333,124.4167,-2.54,89,100,6.67,CN,2021-02-06 00:11:10
234,Vardo,70.3705,31.1107,21.2,79,75,12.66,NO,2021-02-06 00:11:10
235,Olinda,-8.0089,-34.8553,80.6,69,40,5.75,BR,2021-02-06 00:11:10
236,Pimentel,-6.8367,-79.9342,71.6,78,90,16.11,PE,2021-02-06 00:11:10
237,Sitka,57.0531,-135.33,37.4,87,90,8.05,US,2021-02-06 00:11:10
238,Kontagora,10.3999,5.4695,77.58,18,0,5.7,NG,2021-02-06 00:11:10
239,Namatanai,-3.6667,152.4333,76.93,89,100,8.61,PG,2021-02-06 00:11:10
240,Kruisfontein,-34.0033,24.7314,72.0,87,42,1.99,ZA,2021-02-06 00:11:10
241,Chokurdakh,70.6333,147.9167,-17.43,87,99,11.88,RU,2021-02-06 00:11:10
242,Arkhangelsk,64.5401,40.5433,1.4,71,40,6.71,RU,2021-02-06 00:09:18
243,Gornopravdinsk,60.05,69.9,31.08,98,100,9.08,RU,2021-02-06 00:11:10
244,Thompson,55.7435,-97.8558,-18.4,63,75,14.97,CA,2021-02-06 00:11:11
245,Kesinga,20.2,83.2333,54.9,73,0,1.57,IN,2021-02-06 00:11:11
246,Rawson,-43.3002,-65.1023,63.5,69,2,28.86,AR,2021-02-06 00:11:11
247,Sungairaya,0.7,108.9,76.91,88,100,9.55,ID,2021-02-06 00:11:11
248,Cherepovets,59.1333,37.9,-4.0,77,40,4.47,RU,2021-02-06 00:11:11
249,Dingle,10.9995,122.6711,78.51,85,39,9.98,PH,2021-02-06 00:11:11
250,Denpasar,-8.65,115.2167,78.8,89,40,2.3,ID,2021-02-06 00:07:56
251,Saint-Georges,12.0564,-61.7485,78.8,73,20,13.8,GD,2021-02-06 00:11:12
252,Madang,-5.2246,145.7966,83.41,70,55,5.75,PG,2021-02-06 00:11:13
253,Florianopolis,-27.6146,-48.5012,75.99,69,0,13.8,BR,2021-02-06 00:11:13
254,Pathein,16.7833,94.7333,69.75,92,0,5.35,MM,2021-02-06 00:11:13
255,Mersing,2.4312,103.8405,78.8,83,69,10.36,MY,2021-02-06 00:11:14
256,Nalut,30.3333,10.85,59.05,33,100,12.17,LY,2021-02-06 00:11:14
257,Beberibe,-4.1797,-38.1306,80.6,78,40,9.22,BR,2021-02-06 00:11:15
258,Menongue,-14.6585,17.691,65.43,86,99,2.89,AO,2021-02-06 00:11:15
259,Klaksvik,62.2266,-6.589,32.0,100,75,14.97,FO,2021-02-06 00:11:15
260,Jiayuguan,39.8167,98.3,25.88,73,87,3.06,CN,2021-02-06 00:11:16
261,Todos Santos,23.45,-110.2167,73.0,71,10,5.99,MX,2021-02-06 00:11:16
262,Nouadhibou,20.931,-17.0347,62.6,77,40,6.91,MR,2021-02-06 00:11:16
263,Vega De Alatorre,20.0333,-96.6333,72.64,81,1,5.32,MX,2021-02-06 00:11:16
264,Teguise,29.0605,-13.564,57.2,77,40,14.97,ES,2021-02-06 00:11:17
265,Dunmore Town,25.5,-76.65,74.73,75,31,12.77,BS,2021-02-06 00:11:17
266,College,64.8569,-147.8028,-5.8,71,75,2.44,US,2021-02-06 00:11:17
267,Northam,51.0333,-4.2167,39.0,93,59,7.0,GB,2021-02-06 00:11:17
268,Lluta,-16.0147,-72.0142,55.4,76,75,3.44,PE,2021-02-06 00:11:18
269,Iquique,-20.2208,-70.1431,71.6,64,0,10.36,CL,2021-02-06 00:11:18
270,Ust-Karsk,52.7011,118.8077,-19.68,83,41,1.01,RU,2021-02-06 00:11:18
271,Ixtapa,20.7,-105.2,75.2,73,1,6.91,MX,2021-02-06 00:11:18
272,Sao Luiz Gonzaga,-28.4083,-54.9608,62.78,76,0,6.49,BR,2021-02-06 00:11:19
273,North Bend,43.4065,-124.2243,53.01,93,90,1.66,US,2021-02-06 00:11:19
274,Tiksi,71.6872,128.8694,-22.14,88,100,8.46,RU,2021-02-06 00:11:20
275,Cap Malheureux,-19.9842,57.6142,75.99,82,11,1.99,MU,2021-02-06 00:11:20
276,Pietarsaari,63.65,22.6833,17.6,93,20,3.44,FI,2021-02-06 00:11:20
277,Kalmunai,7.4167,81.8167,75.38,88,89,8.25,LK,2021-02-06 00:11:21
278,Victoria,22.2855,114.1577,64.99,82,0,5.26,HK,2021-02-06 00:06:55
279,Gisors,49.2818,1.7801,45.0,100,0,2.3,FR,2021-02-06 00:11:21
280,Jardim,-21.4803,-56.1381,70.97,78,13,4.14,BR,2021-02-06 00:10:23
281,Tonantins,-2.8731,-67.8022,73.36,98,100,3.24,BR,2021-02-06 00:11:22
282,Minna,9.6139,6.5569,84.2,21,0,6.91,NG,2021-02-06 00:11:22
283,Dunedin,-45.8742,170.5036,60.01,73,87,28.99,NZ,2021-02-06 00:11:23
284,Yumen,40.2833,97.2,29.66,71,100,17.27,CN,2021-02-06 00:11:23
285,Avera,33.194,-82.5271,51.8,46,1,6.91,US,2021-02-06 00:11:24
286,Kathu,7.9178,98.3332,78.8,73,20,11.5,TH,2021-02-06 00:11:24
287,Grand Gaube,-20.0064,57.6608,75.99,82,7,1.99,MU,2021-02-06 00:11:24
288,Lotofaga,-13.9764,-171.8578,77.0,94,90,8.05,WS,2021-02-06 00:11:25
289,Chicama,-7.8447,-79.1469,69.8,88,75,8.05,PE,2021-02-06 00:11:25
290,Baley,51.6,116.6333,-16.83,90,22,1.5,RU,2021-02-06 00:11:25
291,Goderich,43.7501,-81.7165,21.2,63,100,28.77,CA,2021-02-06 00:11:26
292,Utevka,52.9035,50.9495,21.88,97,100,11.95,RU,2021-02-06 00:11:26
293,Hervey Bay,-25.2986,152.8535,82.4,51,75,6.91,AU,2021-02-06 00:11:26
294,Bambous Virieux,-20.3428,57.7575,77.0,88,75,6.91,MU,2021-02-06 00:11:27
295,Juneau,58.3019,-134.4197,30.99,86,90,4.52,US,2021-02-06 00:10:00
296,Isangel,-19.55,169.2667,86.0,70,20,3.44,VU,2021-02-06 00:11:27
297,La Sarre,48.8002,-79.1996,24.94,98,100,16.17,CA,2021-02-06 00:11:28
298,Broome,42.2506,-75.833,32.0,55,90,12.66,US,2021-02-06 00:11:28
299,Jiblah,13.9216,44.1467,55.58,55,0,4.25,YE,2021-02-06 00:11:28
300,Puerto Ayacucho,5.6639,-67.6236,80.85,73,71,3.22,VE,2021-02-06 00:11:29
301,Kaitangata,-46.2817,169.8464,62.01,71,46,8.01,NZ,2021-02-06 00:11:29
302,La Ronge,55.1001,-105.2842,-18.4,69,94,11.5,CA,2021-02-06 00:11:29
303,Eucaliptus,-17.5833,-67.5167,55.31,63,92,12.33,BO,2021-02-06 00:11:30
304,Jacqueville,5.2052,-4.4146,77.0,94,20,5.75,CI,2021-02-06 00:11:30
305,Truth Or Consequences,33.1284,-107.2528,66.99,17,1,8.05,US,2021-02-06 00:11:30
306,Perigueux,45.1833,0.7167,50.0,100,40,2.3,FR,2021-02-06 00:11:30
307,Hualmay,-11.0964,-77.6139,70.81,78,77,8.99,PE,2021-02-06 00:11:31
308,Antalaha,-14.9003,50.2788,74.41,88,30,4.54,MG,2021-02-06 00:11:11
309,Lensk,60.7253,114.9278,-17.84,85,92,1.52,RU,2021-02-06 00:11:31
310,Vostok,46.4856,135.8833,3.04,94,100,2.82,RU,2021-02-06 00:11:32
311,Lagoa,39.05,-27.9833,58.5,87,99,16.98,PT,2021-02-06 00:11:32
312,Kasamwa,-2.85,32.4333,65.77,85,99,2.84,TZ,2021-02-06 00:11:32
313,Suarez,2.954,-76.6964,70.74,80,100,3.51,CO,2021-02-06 00:11:33
314,Coihaique,-45.5752,-72.0662,73.4,46,0,2.3,CL,2021-02-06 00:11:33
315,Mandiana,10.6333,-8.6833,80.04,18,82,3.38,GN,2021-02-06 00:11:33
316,Whitehorse,60.7161,-135.0538,0.0,65,40,4.61,CA,2021-02-06 00:11:34
317,Shugurovo,54.5083,52.1326,20.16,97,100,9.53,RU,2021-02-06 00:11:34
318,Sioux Lookout,50.1001,-91.917,-2.2,71,90,16.11,CA,2021-02-06 00:11:34
319,Biak,-0.9131,122.8766,78.06,79,100,6.85,ID,2021-02-06 00:11:35
320,Marawi,7.9986,124.2928,72.07,75,93,1.05,PH,2021-02-06 00:11:35
321,Sibolga,1.7427,98.7792,75.22,80,85,4.23,ID,2021-02-06 00:11:35
322,Broken Hill,-31.95,141.4333,69.8,52,0,18.41,AU,2021-02-06 00:11:36
323,Suba,10.8438,121.0102,80.69,81,95,22.5,PH,2021-02-06 00:11:36
324,Okitipupa,6.5047,4.7839,77.92,94,2,2.48,NG,2021-02-06 00:11:36
325,Wakkanai,45.4094,141.6739,26.6,80,75,6.91,JP,2021-02-06 00:11:37
326,Neuquen,-38.9516,-68.0591,96.8,20,0,8.05,AR,2021-02-06 00:11:37
327,Manbij,36.5281,37.9549,39.2,75,0,1.14,SY,2021-02-06 00:11:37
328,Rauma,61.1272,21.5113,10.4,79,90,8.05,FI,2021-02-06 00:10:45
329,Boda,4.3189,17.4695,73.85,35,49,2.68,CF,2021-02-06 00:07:08
330,Miles City,46.4083,-105.8406,17.6,67,90,12.66,US,2021-02-06 00:09:51
331,Maneadero,31.7167,-116.5667,61.0,84,0,1.99,MX,2021-02-06 00:11:39
332,Tuktoyaktuk,69.4541,-133.0374,-31.0,68,75,8.05,CA,2021-02-06 00:11:39
333,Kieta,-6.2167,155.6333,86.34,62,6,7.78,PG,2021-02-06 00:11:39
334,Nanortalik,60.1432,-45.2371,20.19,73,0,3.89,GL,2021-02-06 00:11:40
335,Prince Rupert,54.3161,-130.3201,39.2,87,90,2.3,CA,2021-02-06 00:11:40
336,Ygatimi,-24.0833,-55.5,69.76,79,48,3.2,PY,2021-02-06 00:11:40
337,Saint-Donat-De-Montcalm,46.3187,-74.2219,24.8,86,100,3.44,CA,2021-02-06 00:11:40
338,Qena,26.1615,32.7183,62.6,55,0,4.61,EG,2021-02-06 00:11:41
339,Havre-Saint-Pierre,50.2334,-63.5986,32.0,86,90,16.11,CA,2021-02-06 00:11:41
340,Goundi,9.3627,17.366,72.05,22,52,4.85,TD,2021-02-06 00:11:42
341,Olafsvik,64.8945,-23.7142,38.16,78,92,25.57,IS,2021-02-06 00:11:42
342,Boende,-0.2167,20.8667,73.54,84,100,2.64,CD,2021-02-06 00:11:42
343,Zhangzhou,24.5133,117.6556,57.2,94,0,2.24,CN,2021-02-06 00:11:43
344,Mecca,21.4267,39.8261,62.74,64,3,5.08,SA,2021-02-06 00:11:43
345,Suntar,62.1444,117.6319,-38.54,80,43,2.91,RU,2021-02-06 00:11:43
346,Takaungu,-3.6837,39.8566,77.29,82,10,4.12,KE,2021-02-06 00:11:43
347,Bressuire,46.9167,-0.5,46.99,95,100,8.1,FR,2021-02-06 00:11:43
348,Tura,25.5198,90.2201,59.32,48,0,2.28,IN,2021-02-06 00:11:43
349,Yuzhno-Sukhokumsk,44.6581,45.6436,33.58,83,14,18.12,RU,2021-02-06 00:11:43
350,Chuy,-33.6971,-53.4616,61.41,81,24,7.14,UY,2021-02-06 00:11:43
351,Zhigalovo,54.8097,105.1578,1.62,90,99,3.49,RU,2021-02-06 00:11:43
352,Hami,42.8,93.45,27.61,85,81,4.61,CN,2021-02-06 00:11:44
353,Port Augusta,-32.5,137.7667,71.6,56,90,16.11,AU,2021-02-06 00:11:44
354,Pisco,-13.7,-76.2167,71.6,83,0,13.8,PE,2021-02-06 00:11:44
355,Kariba,-16.5167,28.8,71.67,91,62,2.98,ZW,2021-02-06 00:11:44
356,Orocue,4.7912,-71.3354,85.26,58,66,7.11,CO,2021-02-06 00:11:44
357,Marsala,37.7966,12.4352,64.0,72,0,19.57,IT,2021-02-06 00:09:23
358,Kalabo,-14.97,22.6814,68.07,90,89,2.24,ZM,2021-02-06 00:11:44
359,Chunskiy,56.0815,99.6342,0.84,93,95,3.11,RU,2021-02-06 00:11:44
360,Granja,-3.1203,-40.8261,76.17,82,7,8.43,BR,2021-02-06 00:11:44
361,Vanimo,-2.6741,141.3028,82.02,73,92,3.65,PG,2021-02-06 00:11:44
362,Hasaki,35.7333,140.8333,37.4,87,40,3.44,JP,2021-02-06 00:11:44
363,Swellendam,-34.0226,20.4417,60.8,94,1,1.14,ZA,2021-02-06 00:11:44
364,Bida,9.0833,6.0167,81.91,20,0,6.17,NG,2021-02-06 00:11:45
365,Belaya Gora,68.5333,146.4167,-17.09,89,99,4.94,RU,2021-02-06 00:11:45
366,Samarai,-10.6167,150.6667,84.72,71,22,7.27,PG,2021-02-06 00:11:45
367,Kudahuvadhoo,2.6708,72.8944,80.94,75,100,9.17,MV,2021-02-06 00:11:45
368,Santa Cruz,-17.8,-63.1667,84.2,51,75,4.61,BO,2021-02-06 00:11:45
369,Harper,4.375,-7.7169,79.47,89,22,9.44,LR,2021-02-06 00:11:45
370,Hamilton,39.1834,-84.5333,35.6,51,40,8.05,US,2021-02-06 00:11:45
371,Celestun,20.8667,-90.4,75.25,75,0,8.41,MX,2021-02-06 00:11:45
372,Sao Felix Do Xingu,-6.6447,-51.995,74.61,92,98,1.66,BR,2021-02-06 00:11:45
373,Inta,66.0317,60.1659,-14.53,89,92,10.89,RU,2021-02-06 00:11:45
374,San Juan,-31.5375,-68.5364,86.13,21,0,8.63,AR,2021-02-06 00:10:26
375,Mackay,-21.15,149.2,82.0,83,75,4.61,AU,2021-02-06 00:07:39
376,Marrakesh,31.6315,-8.0083,50.0,87,75,8.05,MA,2021-02-06 00:10:06
377,Mendi,-6.1761,143.6513,60.62,88,100,1.61,PG,2021-02-06 00:11:46
378,Bagdarin,54.4333,113.6,-14.46,81,15,4.74,RU,2021-02-06 00:11:46
379,Matane,48.8286,-67.522,30.2,100,88,8.05,CA,2021-02-06 00:11:46
380,Maues,-3.3836,-57.7186,80.78,69,33,2.51,BR,2021-02-06 00:11:46
381,Salinopolis,-0.6136,-47.3561,79.68,81,86,12.26,BR,2021-02-06 00:11:46
382,Beitbridge,-22.2167,30.0,76.03,79,72,16.35,ZW,2021-02-06 00:11:46
383,Nhulunbuy,-12.2333,136.7667,80.6,78,90,11.5,AU,2021-02-06 00:11:46
384,Katsuura,35.1333,140.3,46.4,53,40,4.61,JP,2021-02-06 00:11:46
385,Saint-Jerome,45.7804,-74.0036,28.4,74,40,6.91,CA,2021-02-06 00:09:27
386,Solec Kujawski,53.0837,18.2257,19.99,92,90,2.3,PL,2021-02-06 00:11:46
387,Santa Rosa,14.3122,121.1114,82.0,78,75,1.14,PH,2021-02-06 00:11:47
388,Tunkas,20.9,-88.75,77.67,64,0,7.23,MX,2021-02-06 00:11:47
389,Guerrero Negro,27.9769,-114.0611,64.54,52,0,18.32,MX,2021-02-06 00:11:47
390,Kostomuksha,64.571,30.5767,6.96,96,99,7.05,RU,2021-02-06 00:11:47
391,Ketchikan,55.3422,-131.6461,39.2,93,90,4.61,US,2021-02-06 00:11:47
392,Mohlin,47.5592,7.8433,46.99,95,99,2.28,CH,2021-02-06 00:11:47
393,Igrim,63.1906,64.4162,-1.08,93,99,9.75,RU,2021-02-06 00:11:47
394,Olga,43.7444,135.2892,22.57,90,100,6.55,RU,2021-02-06 00:11:47
395,Acapulco,16.8634,-99.8901,84.2,61,40,4.61,MX,2021-02-06 00:08:10
396,Tocopilla,-22.092,-70.1979,68.31,62,83,4.16,CL,2021-02-06 00:11:47
397,Sarkand,45.41,79.9186,32.52,77,97,4.09,KZ,2021-02-06 00:11:47
398,Belmonte,-15.8631,-38.8828,80.6,74,20,13.8,BR,2021-02-06 00:11:48
399,Salalah,17.0151,54.0924,71.6,64,20,5.75,OM,2021-02-06 00:07:11
400,Nador,35.174,-2.9287,57.2,82,0,1.14,MA,2021-02-06 00:11:48
401,Muisne,0.6,-80.0333,77.63,88,88,5.5,EC,2021-02-06 00:11:48
402,San Carlos De Bariloche,-41.1456,-71.3082,82.4,16,0,3.44,AR,2021-02-06 00:10:25
403,Polyarnyy,69.1989,33.4478,8.6,85,75,18.66,RU,2021-02-06 00:11:48
404,Vao,-22.6667,167.4833,78.55,84,0,10.0,NC,2021-02-06 00:11:48
405,Shingu,33.7333,135.9833,50.0,66,75,2.3,JP,2021-02-06 00:11:49
406,Belle Fourche,44.6714,-103.8522,24.01,86,75,4.61,US,2021-02-06 00:11:49
407,Eureka,40.8021,-124.1637,55.99,86,0,8.99,US,2021-02-06 00:10:04
408,Tampere,61.4991,23.7871,8.6,78,90,3.44,FI,2021-02-06 00:11:49
409,Southbridge,42.0751,-72.0334,35.01,92,98,4.79,US,2021-02-06 00:10:06
410,Thunder Bay,48.4001,-89.3168,1.4,71,90,11.5,CA,2021-02-06 00:07:41
411,Komarikhinskiy,58.0979,57.1163,35.6,93,75,13.42,RU,2021-02-06 00:11:50
412,Deputatskiy,69.3,139.9,-24.2,88,92,2.13,RU,2021-02-06 00:11:50
413,Hofn,64.2539,-15.2082,37.26,78,100,16.78,IS,2021-02-06 00:11:50
414,Alugan,12.2188,125.4808,80.92,82,70,9.8,PH,2021-02-06 00:11:50
415,Senftenberg,51.5167,14.0167,30.99,89,100,5.99,DE,2021-02-06 00:11:51
416,Vaitape,-16.5167,-151.75,81.61,63,1,2.91,PF,2021-02-06 00:11:51
417,Bom Jesus,-9.0744,-44.3586,77.45,71,75,2.26,BR,2021-02-06 00:11:51
418,Yulara,-25.2406,130.9889,75.2,27,9,16.11,AU,2021-02-06 00:11:51
419,Phalaborwa,-23.943,31.1411,73.4,94,100,4.61,ZA,2021-02-06 00:11:52
420,Honiara,-9.4333,159.95,83.82,74,44,7.96,SB,2021-02-06 00:11:52
421,Kondopoga,62.2057,34.2614,10.4,79,100,13.42,RU,2021-02-06 00:11:52
422,Port Hedland,-20.3167,118.5667,78.8,89,40,5.75,AU,2021-02-06 00:11:52
423,Pochutla,15.7432,-96.4661,79.0,73,75,11.5,MX,2021-02-06 00:11:52
424,Vila Velha,-20.3297,-40.2925,82.4,74,75,9.22,BR,2021-02-06 00:11:52
425,Nykoping,58.753,17.0079,8.6,85,0,5.75,SE,2021-02-06 00:11:52
426,Belokurikha,51.9959,84.9896,29.1,97,100,3.53,RU,2021-02-06 00:11:53
427,Santa Maria,-29.6842,-53.8069,71.6,64,0,2.3,BR,2021-02-06 00:07:01
428,Luanda,-8.8368,13.2343,78.8,83,20,8.05,AO,2021-02-06 00:11:53
429,Shizunai,42.3339,142.3669,38.07,82,100,7.78,JP,2021-02-06 00:11:53
430,Ancud,-41.8697,-73.8203,75.2,46,0,10.36,CL,2021-02-06 00:11:53
431,Varna,43.2167,27.9167,42.01,100,90,4.61,BG,2021-02-06 00:07:44
432,Camacha,33.0833,-16.3333,57.2,67,40,19.57,PT,2021-02-06 00:11:53
433,Mehamn,71.0357,27.8492,26.28,93,100,20.4,NO,2021-02-06 00:11:53
434,Conde,-7.2597,-34.9075,78.8,83,20,4.61,BR,2021-02-06 00:11:53
435,Tabas,33.5959,56.9244,46.4,23,11,4.61,IR,2021-02-06 00:11:53
436,Zhezkazgan,47.8043,67.7144,19.74,97,30,8.1,KZ,2021-02-06 00:11:53
437,Ratnagiri,16.9833,73.3,70.48,57,0,5.3,IN,2021-02-06 00:11:54
438,Rexburg,43.826,-111.7897,33.8,60,1,2.51,US,2021-02-06 00:11:54
439,Pokaran,26.9167,71.9167,55.78,40,0,6.42,IN,2021-02-06 00:08:11
440,Yaring,6.8662,101.3689,75.42,86,96,11.97,TH,2021-02-06 00:11:54
441,Praia,14.9215,-23.5087,68.0,68,40,20.71,CV,2021-02-06 00:11:54
442,Querecotillo,-4.8378,-80.6456,82.76,51,68,15.93,PE,2021-02-06 00:11:54
443,Corn Island,12.1694,-83.0418,80.06,79,67,8.3,NI,2021-02-06 00:11:54
444,Okato,-39.2,173.8833,71.01,63,75,5.01,NZ,2021-02-06 00:11:55
445,Teberda,43.4456,41.7448,26.4,85,41,14.94,RU,2021-02-06 00:11:55
446,Kupang,-10.1667,123.5833,77.0,100,90,3.44,ID,2021-02-06 00:11:55
447,Dali,25.7,100.1833,40.35,68,0,2.59,CN,2021-02-06 00:11:56
448,Vila Franca Do Campo,37.7167,-25.4333,57.0,94,75,4.61,PT,2021-02-06 00:11:56
449,Makakilo City,21.3469,-158.0858,77.0,50,1,17.27,US,2021-02-06 00:11:27
450,Marathon,44.9,-89.7668,6.01,78,75,11.5,US,2021-02-06 00:11:57
451,Imbituba,-28.24,-48.6703,75.2,69,0,13.8,BR,2021-02-06 00:11:57
452,Cuamba,-14.8031,36.5372,70.74,94,96,1.99,MZ,2021-02-06 00:11:57
453,Kalispell,48.1958,-114.3129,39.2,60,90,9.22,US,2021-02-06 00:11:57
454,Plouzane,48.3833,-4.6167,42.8,87,0,1.14,FR,2021-02-06 00:11:58
455,Chingirlau,51.095,54.0814,34.23,99,100,10.16,KZ,2021-02-06 00:11:58
456,Rawlins,41.7911,-107.2387,30.2,55,1,21.85,US,2021-02-06 00:11:58
457,La Palma,33.8464,-118.0467,69.01,42,1,8.05,US,2021-02-06 00:11:59
458,San Jose,37.3394,-121.895,69.8,28,1,10.36,US,2021-02-06 00:08:10
459,Amnat Charoen,15.9167,104.75,62.69,85,0,12.55,TH,2021-02-06 00:11:59
460,Yaan,7.3833,8.5667,78.48,18,41,3.42,NG,2021-02-06 00:12:00
461,Adrar,20.5022,-10.0711,61.48,34,49,9.04,MR,2021-02-06 00:12:00
462,Kumluca,36.3703,30.2869,61.38,46,2,2.98,TR,2021-02-06 00:12:00
463,Comarapa,-17.9,-64.4833,57.65,92,97,1.9,BO,2021-02-06 00:12:01
464,Mubi,10.2676,13.2644,67.42,25,0,3.49,NG,2021-02-06 00:12:01
465,Asau,46.4333,26.4,34.0,74,100,1.74,RO,2021-02-06 00:12:01
466,Bahile,9.9995,118.7878,77.0,94,75,4.61,PH,2021-02-06 00:12:01
467,Kaniama,-7.5667,24.1833,67.24,93,90,2.46,CD,2021-02-06 00:12:02
468,Riyadh,24.6877,46.7219,68.0,32,97,14.97,SA,2021-02-06 00:07:05
469,Ojinaga,29.5667,-104.4167,73.4,14,1,6.91,MX,2021-02-06 00:12:02
470,Kisaran,2.9845,99.6158,71.69,96,25,2.93,ID,2021-02-06 00:12:03
471,Abha,18.2164,42.5053,55.4,50,0,10.36,SA,2021-02-06 00:12:03
472,Boa Vista,2.8197,-60.6733,82.4,65,20,6.91,BR,2021-02-06 00:11:01
473,Codrington,-38.2667,141.9667,63.79,70,17,15.7,AU,2021-02-06 00:12:04
474,Itaqui,-29.1253,-56.5531,68.85,60,0,6.82,BR,2021-02-06 00:12:04
475,Timra,62.487,17.3257,16.0,92,6,9.22,SE,2021-02-06 00:12:04
476,Morehead,37.2711,-87.1764,39.2,45,1,5.95,US,2021-02-06 00:12:05
477,Bonavista,48.6499,-53.1147,37.0,100,99,5.75,CA,2021-02-06 00:12:05
478,Sao Jose Da Coroa Grande,-8.8978,-35.1478,78.48,81,5,8.93,BR,2021-02-06 00:12:05
479,Kargasok,59.0556,80.8572,11.48,96,100,7.38,RU,2021-02-06 00:12:05
480,Annau,37.8876,58.516,59.0,29,17,4.61,TM,2021-02-06 00:12:06
481,Mosquera,4.7059,-74.2302,59.0,67,75,8.05,CO,2021-02-06 00:12:06
482,Bitung,1.4451,125.1824,78.8,94,20,2.3,ID,2021-02-06 00:08:09
483,Ransang,8.9603,117.5828,80.15,78,100,5.48,PH,2021-02-06 00:12:07
484,Sinnamary,5.3833,-52.95,77.52,86,80,15.19,GF,2021-02-06 00:08:17
485,Puerto Del Rosario,28.5004,-13.8627,55.4,82,0,6.91,ES,2021-02-06 00:12:08
486,Chara,56.9064,118.2631,-13.63,74,94,1.34,RU,2021-02-06 00:12:08
487,Maldonado,-34.6667,-54.9167,66.2,72,20,9.22,UY,2021-02-06 00:12:08
488,Sheboygan,43.7333,-87.9334,10.4,61,75,16.11,US,2021-02-06 00:12:09
489,Sur,22.5667,59.5289,63.95,62,0,7.05,OM,2021-02-06 00:12:09
490,Dhidhdhoo,6.8833,73.1,81.82,71,81,9.62,MV,2021-02-06 00:12:09
491,Allapalli,19.4167,80.0667,58.95,50,13,2.95,IN,2021-02-06 00:12:10
492,Barabinsk,55.3571,78.357,18.75,98,95,7.9,RU,2021-02-06 00:12:10
493,Necochea,-38.5473,-58.7368,75.99,47,0,9.26,AR,2021-02-06 00:12:11
494,Margate,51.3813,1.3862,44.01,91,11,6.51,GB,2021-02-06 00:12:11
495,Quibdo,5.6947,-76.6611,76.86,93,98,2.8,CO,2021-02-06 00:12:11
496,Jaciara,-15.9653,-54.9683,74.19,91,91,2.44,BR,2021-02-06 00:12:12
497,Dongsheng,39.8161,109.9776,24.78,79,0,13.91,CN,2021-02-06 00:12:12
498,Progreso,21.2833,-89.6667,86.0,45,1,12.66,MX,2021-02-06 00:12:12
499,Sorong,-0.8833,131.25,82.89,75,100,4.36,ID,2021-02-06 00:12:12
500,Lincoln,40.8,-96.667,25.0,68,1,3.44,US,2021-02-06 00:11:39
501,Petropavlovsk-Kamchatskiy,53.0452,158.6483,-0.4,65,100,8.95,RU,2021-02-06 00:12:13
502,Puerto Narino,-3.7703,-70.3831,73.4,100,75,2.3,CO,2021-02-06 00:12:13
503,Acarau,-2.8856,-40.12,78.01,83,16,12.64,BR,2021-02-06 00:09:21
504,Cabedelo,-6.9811,-34.8339,78.8,83,20,4.61,BR,2021-02-06 00:12:14
505,Craig,40.5153,-107.5464,30.2,74,90,21.85,US,2021-02-06 00:08:12
506,Waw,7.7029,27.9953,72.14,21,21,8.25,SS,2021-02-06 00:12:14
507,Bereda,43.2686,-7.5406,46.0,100,100,15.99,ES,2021-02-06 00:12:14
508,Rindal,63.0565,9.2124,14.45,75,6,4.74,NO,2021-02-06 00:12:15
509,Talnakh,69.4865,88.3972,-27.47,83,84,4.56,RU,2021-02-06 00:12:15
510,Gasa,31.5,34.4667,59.0,100,0,6.44,PS,2021-02-06 00:12:15
511,Fairbanks,64.8378,-147.7164,-5.8,65,90,4.61,US,2021-02-06 00:12:15
512,Saint-Francois,46.4154,3.9054,45.0,100,75,2.3,FR,2021-02-06 00:12:16
513,Floro,61.5996,5.0328,28.4,46,0,12.66,NO,2021-02-06 00:12:16
514,Huarmey,-10.0681,-78.1522,71.47,74,87,8.59,PE,2021-02-06 00:11:25
515,Camana,-16.6228,-72.7111,71.1,76,77,3.96,PE,2021-02-06 00:10:08
516,Tricase,39.9304,18.3553,57.0,100,75,6.91,IT,2021-02-06 00:12:17
517,Athens,37.9795,23.7162,57.0,93,20,4.61,GR,2021-02-06 00:07:47
518,Koran,43.8103,18.5689,41.0,100,81,3.44,BA,2021-02-06 00:12:18
519,Cairns,-16.9167,145.7667,82.99,83,75,8.05,AU,2021-02-06 00:12:18
520,Zlatograd,41.3833,25.1,48.99,97,66,1.01,BG,2021-02-06 00:12:18
521,Guane,22.2025,-84.0875,70.99,84,29,5.39,CU,2021-02-06 00:12:19
522,Hwange,-18.3693,26.5019,68.83,93,76,0.78,ZW,2021-02-06 00:12:19
523,Volot,57.9278,30.7025,1.81,93,96,8.01,RU,2021-02-06 00:12:19
524,Dhupgari,26.5858,89.0145,59.95,48,0,2.48,IN,2021-02-06 00:12:20
525,Villa Bruzual,9.3328,-69.1208,83.64,51,100,4.99,VE,2021-02-06 00:08:08
526,Ayan,56.45,138.1667,-9.99,82,99,13.09,RU,2021-02-06 00:12:20
527,Balurghat,25.2167,88.7667,61.2,47,0,5.55,IN,2021-02-06 00:12:21
528,Changli,39.7042,119.1506,34.52,78,0,5.35,CN,2021-02-06 00:12:21
529,Oksfjord,70.2396,22.3479,28.0,80,75,9.22,NO,2021-02-06 00:12:21
530,Kortkeros,61.8106,51.5806,-5.8,84,75,11.18,RU,2021-02-06 00:12:21
531,Azangaro,-14.9167,-70.2167,50.07,68,82,3.53,PE,2021-02-06 00:12:22
532,Berlevag,70.8578,29.0864,26.73,93,100,20.54,NO,2021-02-06 00:12:22
533,Novoulyanovsk,54.1496,48.3891,17.6,79,90,20.13,RU,2021-02-06 00:12:22
534,Manihari,25.35,87.6333,58.08,58,0,6.08,IN,2021-02-06 00:12:23
535,Guarenas,10.4674,-66.6066,82.4,78,20,3.31,VE,2021-02-06 00:12:23
536,Rudbar,30.15,62.6,53.13,32,0,7.56,AF,2021-02-06 00:12:24
537,Taoudenni,22.6783,-3.9836,77.2,19,94,10.31,ML,2021-02-06 00:12:25
538,Oistins,13.0667,-59.5333,78.8,57,20,18.41,BB,2021-02-06 00:12:25
539,Ouesso,1.6136,16.0517,75.11,71,19,2.13,CG,2021-02-06 00:12:25
540,Pombas,17.1503,-25.0201,66.2,77,40,20.71,CV,2021-02-06 00:12:26
541,Tarauaca,-8.1614,-70.7656,73.33,98,97,2.77,BR,2021-02-06 00:12:26
