City_ID,City,Lat,Lng,Max Temp,Humidity,Cloudiness,Wind Speed,Country,Date,Weather Description
0,Chauk,20.8833,94.8167,70.2,51,72,3.0,MM,2021-02-06 17:49:06,broken clouds
1,Port Lincoln,-34.7333,135.8667,60.06,82,66,13.56,AU,2021-02-06 17:49:07,broken clouds
2,Leningradskiy,69.3833,178.4167,-12.82,78,61,6.58,RU,2021-02-06 17:46:19,broken clouds
3,Punta Arenas,-53.15,-70.9167,55.4,47,20,6.91,CL,2021-02-06 17:48:16,few clouds
4,Roma,43.2128,-75.4557,28.4,50,90,20.71,US,2021-02-06 17:49:07,overcast clouds
5,Boralday,43.3578,76.8594,33.8,80,75,4.47,KZ,2021-02-06 17:49:08,smoke
6,Tuatapere,-46.1333,167.6833,51.51,85,1,3.78,NZ,2021-02-06 17:49:08,clear sky
7,Yellowknife,62.456,-114.3525,-43.01,66,1,3.44,CA,2021-02-06 17:47:44,mist
8,Rikitea,-23.1203,-134.9692,77.65,74,100,12.37,PF,2021-02-06 17:49:08,overcast clouds
9,Bambous Virieux,-20.3428,57.7575,80.01,83,20,5.75,MU,2021-02-06 17:49:08,few clouds
10,Progreso,21.2833,-89.6667,88.0,69,40,6.91,MX,2021-02-06 17:48:14,scattered clouds
11,Kaeo,-35.1,173.7833,60.01,92,93,4.0,NZ,2021-02-06 17:49:09,overcast clouds
12,Havoysund,70.9963,24.6622,24.8,80,75,11.5,NO,2021-02-06 17:46:54,light snow
13,Kodiak,57.79,-152.4072,28.4,59,1,4.61,US,2021-02-06 17:49:09,clear sky
14,Hithadhoo,-0.6,73.0833,81.77,77,90,15.7,MV,2021-02-06 17:49:09,overcast clouds
15,Victoria,22.2855,114.1577,66.99,74,0,3.91,HK,2021-02-06 17:43:06,clear sky
16,Ilam,26.9167,87.9167,47.8,72,40,3.53,NP,2021-02-06 17:49:10,scattered clouds
17,Ulaanbaatar,47.9077,106.8832,-14.8,70,0,2.24,MN,2021-02-06 17:49:10,clear sky
18,Faanui,-16.4833,-151.75,81.45,70,0,10.33,PF,2021-02-06 17:49:10,light rain
19,Jamestown,42.097,-79.2353,19.4,53,1,17.27,US,2021-02-06 17:49:11,clear sky
20,Pontianak,-0.0333,109.3333,77.0,94,90,5.75,ID,2021-02-06 17:47:57,overcast clouds
21,Namatanai,-3.6667,152.4333,78.78,80,76,2.93,PG,2021-02-06 17:48:43,broken clouds
22,Aklavik,68.2191,-135.0107,-27.4,75,75,2.3,CA,2021-02-06 17:49:11,broken clouds
23,Kulunda,52.566,78.9385,27.03,95,29,17.09,RU,2021-02-06 17:49:12,scattered clouds
24,Mataura,-46.1927,168.8643,48.78,95,2,1.3,NZ,2021-02-06 17:48:19,clear sky
25,Dikson,73.5069,80.5464,-29.36,86,50,10.25,RU,2021-02-06 17:46:20,scattered clouds
26,Carnarvon,-24.8667,113.6333,80.6,100,75,10.36,AU,2021-02-06 17:49:12,broken clouds
27,Bluff,-46.6,168.3333,53.35,86,23,4.5,NZ,2021-02-06 17:46:16,few clouds
28,Nikolskoye,59.7035,30.7861,10.4,79,75,17.9,RU,2021-02-06 17:49:13,snow
29,Ilulissat,69.2167,-51.1,19.4,38,40,17.27,GL,2021-02-06 17:49:13,snow
30,Hasaki,35.7333,140.8333,39.2,87,20,3.44,JP,2021-02-06 17:49:13,few clouds
31,Busselton,-33.65,115.3333,59.0,95,100,1.99,AU,2021-02-06 17:49:14,light rain
32,Longyearbyen,78.2186,15.6401,23.0,74,75,3.44,SJ,2021-02-06 17:46:15,broken clouds
33,Butaritari,3.0707,172.7902,81.01,81,94,21.7,KI,2021-02-06 17:46:19,light rain
34,Saint George,37.1041,-113.5841,51.01,49,1,3.44,US,2021-02-06 17:49:14,clear sky
35,Cape Town,-33.9258,18.4232,75.0,73,40,16.11,ZA,2021-02-06 17:48:50,scattered clouds
36,Pangkalanbuun,-2.6833,111.6167,74.91,97,100,2.95,ID,2021-02-06 17:47:44,heavy intensity rain
37,New Norfolk,-42.7826,147.0587,57.99,76,26,1.01,AU,2021-02-06 17:48:14,scattered clouds
38,Port Alfred,-33.5906,26.891,73.99,91,25,9.26,ZA,2021-02-06 17:49:15,scattered clouds
39,Alexandria,31.2156,29.9553,60.8,77,0,5.75,EG,2021-02-06 17:46:25,clear sky
40,Padang,-0.9492,100.3543,75.2,83,20,3.44,ID,2021-02-06 17:49:16,few clouds
41,Ushuaia,-54.8,-68.3,53.6,50,20,21.85,AR,2021-02-06 17:47:00,few clouds
42,Torbay,47.6666,-52.7314,36.0,87,90,6.91,CA,2021-02-06 17:46:14,light rain
43,Majene,-3.5403,118.9707,78.06,85,100,2.53,ID,2021-02-06 17:49:17,overcast clouds
44,General Pico,-35.6566,-63.7568,97.86,10,0,11.95,AR,2021-02-06 17:49:17,clear sky
45,Port Macquarie,-31.4333,152.9167,70.0,99,77,1.01,AU,2021-02-06 17:46:01,broken clouds
46,Puerto Ayora,-0.7393,-90.3518,80.6,78,75,11.5,EC,2021-02-06 17:49:18,moderate rain
47,Mar Del Plata,-38.0023,-57.5575,69.8,64,75,16.11,AR,2021-02-06 17:46:42,broken clouds
48,Kresek,-6.1314,106.3797,82.0,89,90,12.66,ID,2021-02-06 17:49:19,heavy intensity rain
49,Buala,-8.145,159.5921,80.44,81,98,11.03,SB,2021-02-06 17:49:19,light rain
50,Hobart,-42.8794,147.3294,57.99,82,75,4.61,AU,2021-02-06 17:46:34,broken clouds
51,Atuona,-9.8,-139.0333,80.17,77,59,22.73,PF,2021-02-06 17:49:20,broken clouds
52,Alofi,-19.0595,-169.9187,77.0,88,100,4.61,NU,2021-02-06 17:49:20,overcast clouds
53,Sioux Lookout,50.1001,-91.917,-14.8,64,90,17.27,CA,2021-02-06 17:49:20,snow
54,Arraial Do Cabo,-22.9661,-42.0278,77.0,73,75,4.61,BR,2021-02-06 17:45:06,broken clouds
55,Yarim,14.298,44.3779,50.92,57,0,2.82,YE,2021-02-06 17:49:21,clear sky
56,Penzance,50.1186,-5.5371,42.8,81,75,13.8,GB,2021-02-06 17:48:16,broken clouds
57,Antofagasta,-23.65,-70.4,73.99,60,20,13.8,CL,2021-02-06 17:46:33,few clouds
58,Salalah,17.0151,54.0924,75.2,69,40,9.22,OM,2021-02-06 17:49:21,scattered clouds
59,Nishihara,26.1842,127.7558,66.2,77,20,4.61,JP,2021-02-06 17:49:22,few clouds
60,Charters Towers,-20.1,146.2667,74.59,89,98,7.11,AU,2021-02-06 17:49:22,overcast clouds
61,East London,-33.0153,27.9116,75.2,94,20,4.61,ZA,2021-02-06 17:49:22,few clouds
62,Tomatlan,19.9333,-105.25,87.69,40,67,4.61,MX,2021-02-06 17:49:23,broken clouds
63,Narsaq,60.9167,-46.05,33.8,25,1,24.16,GL,2021-02-06 17:46:30,clear sky
64,Hermanus,-34.4187,19.2345,71.01,82,33,1.99,ZA,2021-02-06 17:46:19,scattered clouds
65,Marsh Harbour,26.5412,-77.0636,76.82,76,0,18.41,BS,2021-02-06 17:49:23,clear sky
66,Tabat,-2.635,115.2274,74.98,96,100,0.36,ID,2021-02-06 17:49:24,overcast clouds
67,Piranhas,-16.4269,-51.8222,85.1,70,57,5.21,BR,2021-02-06 17:49:24,broken clouds
68,La Primavera,5.4906,-70.4092,94.19,39,100,11.56,CO,2021-02-06 17:49:24,overcast clouds
69,Castro,-24.7911,-50.0119,76.44,48,0,6.96,BR,2021-02-06 17:49:25,clear sky
70,Thompson,55.7435,-97.8558,-32.8,61,75,14.97,CA,2021-02-06 17:49:25,snow
71,Altoona,40.5187,-78.3947,35.01,44,0,8.01,US,2021-02-06 17:49:25,clear sky
72,Uige,-7.6087,15.0613,70.61,91,90,1.92,AO,2021-02-06 17:49:25,light rain
73,Ugoofaaru,5.6667,73.0,81.81,74,46,9.51,MV,2021-02-06 17:49:26,scattered clouds
74,Los Llanos De Aridane,28.6585,-17.9182,64.4,63,20,17.27,ES,2021-02-06 17:49:26,few clouds
75,Bethel,41.3712,-73.414,39.2,38,40,18.41,US,2021-02-06 17:46:37,scattered clouds
76,Albany,42.6001,-73.9662,37.0,46,69,1.99,US,2021-02-06 17:46:17,broken clouds
77,Ornskoldsvik,63.2909,18.7153,19.4,93,90,4.61,SE,2021-02-06 17:49:18,overcast clouds
78,Marbella,36.5154,-4.8858,59.0,63,20,3.44,ES,2021-02-06 17:49:28,few clouds
79,Hamilton,39.1834,-84.5333,32.0,40,1,3.89,US,2021-02-06 17:44:44,clear sky
80,Ampanihy,-24.7,44.75,77.77,80,27,7.36,MG,2021-02-06 17:49:28,light rain
81,Nelson,-41.2833,173.2833,55.99,83,80,3.0,NZ,2021-02-06 17:49:29,broken clouds
82,Naze,28.3667,129.4833,61.3,81,97,7.14,JP,2021-02-06 17:49:30,overcast clouds
83,Tungor,53.3808,142.9564,-1.71,92,98,14.65,RU,2021-02-06 17:49:30,overcast clouds
84,Beringovskiy,63.05,179.3167,-8.25,88,1,8.43,RU,2021-02-06 17:49:30,clear sky
85,Meulaboh,4.1363,96.1285,78.71,83,69,3.49,ID,2021-02-06 17:49:30,broken clouds
86,Bjornevatn,69.6672,29.9847,24.8,80,90,19.57,NO,2021-02-06 17:49:31,overcast clouds
87,Tuktoyaktuk,69.4541,-133.0374,-16.6,76,90,17.27,CA,2021-02-06 17:46:21,snow
88,Saskylakh,71.9167,114.0833,-35.25,81,80,5.3,RU,2021-02-06 17:49:31,broken clouds
89,Raudeberg,61.9875,5.1352,24.8,54,0,8.05,NO,2021-02-06 17:49:31,clear sky
90,Mahebourg,-20.4081,57.7,78.8,83,20,5.75,MU,2021-02-06 17:49:32,few clouds
91,Palmeiras De Goias,-16.805,-49.9258,81.37,79,70,3.13,BR,2021-02-06 17:49:32,broken clouds
92,Obama,35.4958,135.746,41.0,85,25,5.53,JP,2021-02-06 17:49:33,scattered clouds
93,Hilo,19.7297,-155.09,62.01,72,1,6.91,US,2021-02-06 17:49:33,clear sky
94,Kununurra,-15.7667,128.7333,80.6,94,90,8.05,AU,2021-02-06 17:46:50,overcast clouds
95,Lavrentiya,65.5833,-171.0,-4.56,80,73,4.29,RU,2021-02-06 17:46:47,broken clouds
96,Lebu,-37.6167,-73.65,62.82,77,82,6.55,CL,2021-02-06 17:49:34,broken clouds
97,Porto Nacional,-10.7081,-48.4172,82.4,69,75,6.91,BR,2021-02-06 17:49:34,moderate rain
98,Nyurba,63.2842,118.3319,-33.02,84,76,2.13,RU,2021-02-06 17:49:35,broken clouds
99,Anadyr,64.75,177.4833,-9.0,77,0,11.18,RU,2021-02-06 17:49:35,clear sky
100,La Rioja,42.25,-2.5,44.6,87,75,9.22,ES,2021-02-06 17:49:35,broken clouds
101,Copala,16.65,-98.9833,83.89,55,64,8.66,MX,2021-02-06 17:49:35,broken clouds
102,Sao Joao Da Barra,-21.6403,-41.0511,77.0,73,75,13.8,BR,2021-02-06 17:49:36,broken clouds
103,Vaini,-21.2,-175.2,73.4,94,75,10.36,TO,2021-02-06 17:49:36,broken clouds
104,Aquiraz,-3.9014,-38.3911,87.8,62,40,13.8,BR,2021-02-06 17:49:36,scattered clouds
105,Qaqortoq,60.7167,-46.0333,33.8,25,1,24.16,GL,2021-02-06 17:47:08,clear sky
106,Jagdalpur,19.0667,82.0333,60.48,37,4,3.42,IN,2021-02-06 17:49:07,clear sky
107,Provideniya,64.3833,-173.3,1.67,91,76,4.65,RU,2021-02-06 17:49:37,broken clouds
108,Ribeira Grande,38.5167,-28.7,60.8,88,75,21.85,PT,2021-02-06 17:46:20,broken clouds
109,Mandalgovi,45.7625,106.2708,6.53,84,74,8.7,MN,2021-02-06 17:46:36,broken clouds
110,Yenotayevka,47.2456,47.0281,26.01,97,16,7.67,RU,2021-02-06 17:49:38,few clouds
111,Coihaique,-45.5752,-72.0662,69.8,43,0,10.36,CL,2021-02-06 17:49:39,clear sky
112,Fortuna,40.5982,-124.1573,48.0,100,90,4.61,US,2021-02-06 17:49:39,overcast clouds
113,Vardo,70.3705,31.1107,27.25,94,98,27.65,NO,2021-02-06 17:49:39,light snow
114,Korla,41.7597,86.1469,28.36,84,53,3.33,CN,2021-02-06 17:48:47,broken clouds
115,Sisimiut,66.9395,-53.6735,20.84,75,0,14.29,GL,2021-02-06 17:49:40,clear sky
116,Lentekhi,42.7856,42.7261,38.3,75,100,0.09,GE,2021-02-06 17:49:40,overcast clouds
117,Samfya,-11.3649,29.5565,71.11,83,77,2.51,ZM,2021-02-06 17:49:40,moderate rain
118,Esso,55.9333,158.7,10.58,90,100,7.29,RU,2021-02-06 17:49:41,light snow
119,Bouna,9.2667,-3.0,94.5,15,75,3.49,CI,2021-02-06 17:49:41,broken clouds
120,Bredasdorp,-34.5322,20.0403,71.6,73,27,17.27,ZA,2021-02-06 17:49:41,scattered clouds
121,Ranong,9.9658,98.6348,75.25,88,51,4.34,TH,2021-02-06 17:46:55,broken clouds
122,Rawson,-43.3002,-65.1023,66.54,52,37,20.45,AR,2021-02-06 17:49:42,scattered clouds
123,Mabaruma,8.2,-59.7833,78.4,89,100,6.58,GY,2021-02-06 17:46:57,overcast clouds
124,Saint-Pierre,-21.3393,55.4781,80.6,83,40,4.61,RE,2021-02-06 17:48:49,scattered clouds
125,Dingle,10.9995,122.6711,74.68,92,77,7.38,PH,2021-02-06 17:49:43,broken clouds
126,Pevek,69.7008,170.3133,-1.7,86,100,2.42,RU,2021-02-06 17:49:43,overcast clouds
127,Touros,-5.1989,-35.4608,87.8,51,40,12.66,BR,2021-02-06 17:49:44,scattered clouds
128,Narasannapeta,18.4167,84.05,68.38,68,0,2.53,IN,2021-02-06 17:49:44,clear sky
129,Xai-Xai,-25.0519,33.6442,76.77,82,98,6.44,MZ,2021-02-06 17:49:44,overcast clouds
130,Tasiilaq,65.6145,-37.6368,32.0,100,75,42.57,GL,2021-02-06 17:49:45,snow
131,Souillac,-20.5167,57.5167,78.8,83,20,5.75,MU,2021-02-06 17:49:45,few clouds
132,Cidreira,-30.1811,-50.2056,76.57,62,60,9.66,BR,2021-02-06 17:49:45,broken clouds
133,Gat,31.61,34.7642,62.01,100,14,1.79,IL,2021-02-06 17:49:45,few clouds
134,Empalme,27.9667,-110.8167,70.0,39,1,3.09,MX,2021-02-06 17:49:46,clear sky
135,Port Elizabeth,-33.918,25.5701,71.6,88,75,11.5,ZA,2021-02-06 17:48:37,broken clouds
136,Qaanaaq,77.484,-69.3632,12.22,88,100,8.16,GL,2021-02-06 17:46:17,overcast clouds
137,Sembe,1.6481,14.5806,79.05,65,98,1.99,CG,2021-02-06 17:49:46,overcast clouds
138,Vestmannaeyjar,63.4427,-20.2734,37.4,75,20,29.93,IS,2021-02-06 17:49:46,few clouds
139,Mbini,1.574,9.6134,86.0,79,75,8.05,GQ,2021-02-06 17:49:46,broken clouds
140,Cayenne,4.9333,-52.3333,82.4,83,75,11.5,GF,2021-02-06 17:46:59,broken clouds
141,Iquique,-20.2208,-70.1431,74.28,61,30,8.34,CL,2021-02-06 17:48:14,scattered clouds
142,Bengkulu,-3.8004,102.2655,76.55,79,85,4.79,ID,2021-02-06 17:49:46,overcast clouds
143,Champerico,14.3,-91.9167,87.8,51,20,4.61,GT,2021-02-06 17:49:47,few clouds
144,Mount Isa,-20.7333,139.5,75.2,94,75,11.5,AU,2021-02-06 17:46:18,light rain
145,Ambilobe,-13.2,49.05,75.18,90,97,0.43,MG,2021-02-06 17:49:47,light rain
146,Sakakah,29.9697,40.2064,53.6,62,0,12.66,SA,2021-02-06 17:49:47,clear sky
147,Talnakh,69.4865,88.3972,-29.0,75,0,3.44,RU,2021-02-06 17:49:47,clear sky
148,Port Blair,11.6667,92.75,78.85,76,4,7.92,IN,2021-02-06 17:49:47,clear sky
149,Kruisfontein,-34.0033,24.7314,70.0,84,0,1.01,ZA,2021-02-06 17:46:23,clear sky
150,Marzuq,14.4,46.4667,60.55,75,0,5.93,YE,2021-02-06 17:49:48,clear sky
151,Saint-Philippe,-21.3585,55.7679,80.6,83,40,4.61,RE,2021-02-06 17:49:48,light rain
152,Yarmouth,41.7057,-70.2286,43.0,42,1,23.02,US,2021-02-06 17:49:48,clear sky
153,Nieuw Amsterdam,5.8833,-55.0833,84.0,78,40,11.5,SR,2021-02-06 17:49:48,scattered clouds
154,Amnat Charoen,15.9167,104.75,67.48,79,9,13.18,TH,2021-02-06 17:49:48,clear sky
155,Ancud,-41.8697,-73.8203,77.0,44,0,8.05,CL,2021-02-06 17:49:49,clear sky
156,Avarua,-21.2078,-159.775,78.8,89,17,3.44,CK,2021-02-06 17:46:18,few clouds
157,Barreiras,-12.1528,-44.99,78.58,68,93,8.59,BR,2021-02-06 17:46:39,overcast clouds
158,Sambava,-14.2667,50.1667,79.02,78,40,1.41,MG,2021-02-06 17:49:49,scattered clouds
159,Nanganga,-10.3833,39.15,75.0,91,98,3.47,TZ,2021-02-06 17:49:49,overcast clouds
160,North Bend,43.4065,-124.2243,44.6,93,90,3.44,US,2021-02-06 17:48:56,overcast clouds
161,Myaundzha,63.0494,147.1858,-28.75,82,6,0.98,RU,2021-02-06 17:49:49,clear sky
162,Barrow,71.2906,-156.7887,-0.4,71,90,10.36,US,2021-02-06 17:49:49,overcast clouds
163,Belaya Kholunitsa,58.84,50.8528,-4.77,90,100,7.83,RU,2021-02-06 17:49:50,light snow
164,Garden City,42.3256,-83.331,19.99,67,75,16.11,US,2021-02-06 17:48:24,broken clouds
165,Carupano,10.6678,-63.2585,79.29,75,94,14.7,VE,2021-02-06 17:49:50,overcast clouds
166,Norman Wells,65.282,-126.8329,-34.6,74,75,5.75,CA,2021-02-06 17:46:31,broken clouds
167,Ust-Maya,60.4167,134.5333,-26.86,85,100,1.1,RU,2021-02-06 17:46:31,overcast clouds
168,Yar-Sale,66.8333,70.8333,-30.84,84,100,14.07,RU,2021-02-06 17:49:50,overcast clouds
169,Ust-Nera,64.5667,143.2,-23.24,76,89,5.06,RU,2021-02-06 17:47:05,overcast clouds
170,Namibe,-15.1961,12.1522,72.81,78,30,11.56,AO,2021-02-06 17:49:51,scattered clouds
171,Soto,-32.8107,-61.4026,90.0,42,0,4.0,AR,2021-02-06 17:49:51,clear sky
172,Eyl,7.9803,49.8164,75.78,82,0,15.79,SO,2021-02-06 17:49:51,clear sky
173,Isangel,-19.55,169.2667,77.49,80,0,3.76,VU,2021-02-06 17:47:03,clear sky
174,Harpenden,51.8168,-0.3571,44.01,100,90,10.36,GB,2021-02-06 17:49:51,light rain
175,Ekhabi,53.5102,142.9671,-1.35,92,100,15.1,RU,2021-02-06 17:49:52,overcast clouds
176,Araouane,18.9048,-3.5265,82.33,16,100,13.22,ML,2021-02-06 17:49:52,overcast clouds
177,Bismarck,46.8083,-100.7837,-7.6,54,1,14.97,US,2021-02-06 17:45:49,clear sky
178,Sinor,21.9167,73.3333,65.8,26,0,7.74,IN,2021-02-06 17:49:52,clear sky
179,Chifeng,42.2683,118.9636,6.44,89,86,2.17,CN,2021-02-06 17:49:52,overcast clouds
180,Kahului,20.8947,-156.47,59.0,82,20,3.44,US,2021-02-06 17:48:30,few clouds
181,Bandarbeyla,9.4942,50.8122,76.69,79,18,13.78,SO,2021-02-06 17:46:22,few clouds
182,Puerto Del Rosario,28.5004,-13.8627,66.2,48,40,18.41,ES,2021-02-06 17:46:45,scattered clouds
183,Soyo,-6.1349,12.3689,81.01,84,80,11.68,AO,2021-02-06 17:49:53,broken clouds
184,Praya,14.9215,-23.5087,73.4,56,75,26.46,CV,2021-02-06 17:45:02,broken clouds
185,Chokurdakh,70.6333,147.9167,-19.98,86,91,6.8,RU,2021-02-06 17:49:53,overcast clouds
186,Grand Gaube,-20.0064,57.6608,80.01,79,32,4.0,MU,2021-02-06 17:49:54,scattered clouds
187,Airai,-8.9266,125.4092,60.51,100,100,2.39,TL,2021-02-06 17:49:54,overcast clouds
188,Lebyazhye,55.2689,66.4947,33.55,97,100,16.2,RU,2021-02-06 17:49:54,snow
189,Broken Hill,-31.95,141.4333,64.4,68,43,16.11,AU,2021-02-06 17:48:48,scattered clouds
190,Rudnya,54.947,31.0934,1.94,93,93,9.62,RU,2021-02-06 17:49:55,light snow
191,Buzescu,44.0167,25.2333,42.01,90,66,5.32,RO,2021-02-06 17:49:55,broken clouds
192,Opunake,-39.4556,173.8583,55.99,96,97,1.99,NZ,2021-02-06 17:49:55,overcast clouds
193,Marawi,7.9986,124.2928,73.99,92,99,5.01,PH,2021-02-06 17:48:55,overcast clouds
194,Pandan,14.0453,124.1694,78.53,87,58,11.5,PH,2021-02-06 17:49:56,broken clouds
195,Adre,13.4667,22.2,67.82,21,0,12.73,TD,2021-02-06 17:49:56,clear sky
196,Katsuura,35.1333,140.3,44.6,61,0,4.61,JP,2021-02-06 17:49:57,clear sky
197,Tena,-0.9833,-77.8167,71.6,100,90,6.91,EC,2021-02-06 17:49:57,light rain
198,Kapaa,22.0752,-159.319,57.2,82,1,9.22,US,2021-02-06 17:49:57,clear sky
199,Luderitz,-26.6481,15.1594,74.01,50,0,28.81,NA,2021-02-06 17:49:58,clear sky
200,Buwenge,0.6422,33.1744,71.85,68,14,4.43,UG,2021-02-06 17:49:58,few clouds
201,Gizo,-8.103,156.8419,82.33,76,79,13.62,SB,2021-02-06 17:49:58,moderate rain
202,Poddorye,57.4695,31.1156,6.17,93,100,6.91,RU,2021-02-06 17:49:59,overcast clouds
203,Zhigansk,66.7697,123.3711,-41.44,80,48,10.74,RU,2021-02-06 17:49:59,scattered clouds
204,Dutse,11.7594,9.3392,78.06,18,70,8.41,NG,2021-02-06 17:49:59,broken clouds
205,Oriximina,-1.7656,-55.8661,92.79,43,37,2.59,BR,2021-02-06 17:50:00,scattered clouds
206,Chuy,-33.6971,-53.4616,82.99,46,0,10.51,UY,2021-02-06 17:50:00,clear sky
207,Tukrah,32.5341,20.5791,62.6,54,66,7.34,LY,2021-02-06 17:50:00,broken clouds
208,Nouadhibou,20.931,-17.0347,69.8,52,0,24.16,MR,2021-02-06 17:50:01,sand
209,Ghatampur,26.1667,80.1667,55.17,54,0,6.46,IN,2021-02-06 17:50:01,clear sky
210,Te Anau,-45.4167,167.7167,50.94,86,26,1.14,NZ,2021-02-06 17:50:02,scattered clouds
211,Georgetown,5.4112,100.3354,82.4,83,20,2.3,MY,2021-02-06 17:50:02,few clouds
212,Kaitangata,-46.2817,169.8464,49.91,93,2,2.91,NZ,2021-02-06 17:50:02,clear sky
213,Kenai,60.5544,-151.2583,12.0,85,90,5.75,US,2021-02-06 17:50:03,fog
214,Atambua,-9.1061,124.8925,73.47,89,100,0.89,ID,2021-02-06 17:50:03,overcast clouds
215,Japura,-0.3167,102.35,74.05,88,70,0.87,ID,2021-02-06 17:50:03,broken clouds
216,Tripoli,32.8752,13.1875,70.43,34,92,11.05,LY,2021-02-06 17:50:03,overcast clouds
217,Seymchan,62.8833,152.4333,-23.84,85,93,1.01,RU,2021-02-06 17:50:04,overcast clouds
218,Quang Ngai,15.1167,108.8,68.25,90,45,2.28,VN,2021-02-06 17:50:04,scattered clouds
219,Birjand,32.8663,59.2211,50.0,11,0,11.5,IR,2021-02-06 17:50:04,clear sky
220,Diego De Almagro,-26.3667,-70.05,85.55,17,0,14.34,CL,2021-02-06 17:46:26,clear sky
221,Saravan,39.7196,45.6483,37.4,87,20,6.91,AM,2021-02-06 17:50:05,few clouds
222,Zyryanka,65.75,150.85,-21.87,82,15,9.26,RU,2021-02-06 17:48:31,few clouds
223,Yanliang,34.6592,109.2292,45.0,55,98,6.71,CN,2021-02-06 17:50:06,overcast clouds
224,Yavatmal,20.4,78.1333,62.35,32,0,6.96,IN,2021-02-06 17:50:06,clear sky
225,Benghazi,32.1167,20.0667,65.1,54,59,9.91,LY,2021-02-06 17:50:06,broken clouds
226,Vao,-22.6667,167.4833,77.04,87,1,7.85,NC,2021-02-06 17:50:06,clear sky
227,Linhares,-19.3911,-40.0722,83.95,71,100,8.72,BR,2021-02-06 17:47:43,light rain
228,Kavieng,-2.5744,150.7967,81.64,71,92,1.83,PG,2021-02-06 17:46:50,overcast clouds
229,Stuttgart,48.7823,9.177,46.0,93,20,3.44,DE,2021-02-06 17:48:36,few clouds
230,Haines Junction,60.7522,-137.5108,-27.4,75,91,1.14,CA,2021-02-06 17:50:07,overcast clouds
231,Zaysan,47.4667,84.8667,19.6,90,47,2.35,KZ,2021-02-06 17:50:07,scattered clouds
232,Atar,20.5169,-13.0499,72.68,22,35,15.84,MR,2021-02-06 17:46:11,scattered clouds
233,Long Beach,33.767,-118.1892,63.0,62,20,2.66,US,2021-02-06 17:50:08,few clouds
234,Smolenka,52.1352,113.4974,-14.8,84,48,1.77,RU,2021-02-06 17:50:08,scattered clouds
235,Egvekinot,66.3167,-179.1667,-8.82,79,93,8.19,RU,2021-02-06 17:50:08,overcast clouds
236,Klaksvik,62.2266,-6.589,33.8,69,75,25.32,FO,2021-02-06 17:46:23,light rain
237,Virtsu,58.5716,23.5115,15.01,67,40,4.76,EE,2021-02-06 17:50:09,scattered clouds
238,Rio Branco,-9.9747,-67.81,82.4,78,75,4.61,BR,2021-02-06 17:50:09,broken clouds
239,Cabo San Lucas,22.8909,-109.9124,77.0,60,1,8.05,MX,2021-02-06 17:46:17,clear sky
240,Port Hedland,-20.3167,118.5667,78.8,78,19,6.91,AU,2021-02-06 17:50:10,few clouds
241,Sinjar,36.3209,41.8754,52.61,55,0,4.94,IQ,2021-02-06 17:50:10,clear sky
242,Nhulunbuy,-12.2333,136.7667,80.6,83,75,10.36,AU,2021-02-06 17:50:10,broken clouds
243,Srednekolymsk,67.45,153.6833,-20.67,84,5,3.33,RU,2021-02-06 17:50:10,clear sky
244,Bad Freienwalde,52.7873,14.0304,25.0,72,91,16.55,DE,2021-02-06 17:50:11,overcast clouds
245,Asau,46.4333,26.4,30.0,75,100,3.96,RO,2021-02-06 17:50:11,overcast clouds
246,Shache,38.4167,77.2406,32.65,77,15,3.94,CN,2021-02-06 17:50:06,few clouds
247,Severo-Kurilsk,50.6789,156.125,20.48,94,100,15.55,RU,2021-02-06 17:46:18,light snow
248,Qiyang,26.5911,111.8474,58.17,70,9,3.36,CN,2021-02-06 17:50:12,clear sky
249,Sitka,57.0531,-135.33,35.6,87,75,12.66,US,2021-02-06 17:46:17,broken clouds
250,Betare Oya,5.6,14.0833,80.67,21,2,5.19,CM,2021-02-06 17:50:13,clear sky
251,Balkhash,46.844,74.9804,27.52,96,100,12.24,KZ,2021-02-06 17:50:13,snow
252,Lodja,-3.4833,23.4333,73.54,81,85,1.23,CD,2021-02-06 17:50:14,overcast clouds
253,Le Port,-20.9373,55.2919,78.8,78,38,10.36,RE,2021-02-06 17:50:14,scattered clouds
254,Faya,18.3851,42.4509,53.6,82,40,4.61,SA,2021-02-06 17:50:14,scattered clouds
255,Tezu,27.9167,96.1667,61.43,31,21,4.03,IN,2021-02-06 17:50:15,few clouds
256,Sterling,39.0062,-77.4286,46.99,36,90,9.22,US,2021-02-06 17:47:43,overcast clouds
257,Sola,-13.8833,167.55,81.72,74,4,5.37,VU,2021-02-06 17:50:15,clear sky
258,Polyany,54.7122,39.8231,-0.87,92,100,7.63,RU,2021-02-06 17:50:15,overcast clouds
259,Svetlaya,46.5389,138.3297,3.72,86,46,8.34,RU,2021-02-06 17:50:15,scattered clouds
260,Mana,5.6592,-53.7767,80.02,82,82,14.65,GF,2021-02-06 17:50:16,broken clouds
261,Constitucion,-35.3333,-72.4167,65.77,69,80,5.75,CL,2021-02-06 17:50:16,broken clouds
262,Upernavik,72.7868,-56.1549,19.96,80,100,4.99,GL,2021-02-06 17:50:16,overcast clouds
263,Locri,38.2414,16.2623,57.2,94,1,4.61,IT,2021-02-06 17:50:16,clear sky
264,Pisco,-13.7,-76.2167,75.99,83,75,10.36,PE,2021-02-06 17:50:16,broken clouds
265,Rio Grande,-32.035,-52.0986,82.4,57,0,5.75,BR,2021-02-06 17:46:48,clear sky
266,Anuradhapura,8.3565,80.4173,72.84,92,23,5.73,LK,2021-02-06 17:50:17,few clouds
267,Corrente,-3.7367,-43.3394,91.09,47,66,5.84,BR,2021-02-06 17:50:17,broken clouds
268,Hami,42.8,93.45,31.32,80,96,4.47,CN,2021-02-06 17:50:17,overcast clouds
269,Tabas,33.5959,56.9244,57.2,19,3,4.61,IR,2021-02-06 17:50:18,clear sky
270,Ponta Do Sol,32.6667,-17.1,61.0,57,39,4.0,PT,2021-02-06 17:46:21,scattered clouds
271,Bilibino,68.0546,166.4372,-9.2,82,0,2.57,RU,2021-02-06 17:50:18,clear sky
272,Bathsheba,13.2167,-59.5167,84.2,58,20,19.57,BB,2021-02-06 17:50:18,few clouds
273,Gari,59.4307,62.3497,6.26,95,100,11.7,RU,2021-02-06 17:50:19,snow
274,Batagay-Alyta,67.8006,130.4114,-25.17,84,100,1.83,RU,2021-02-06 17:50:19,overcast clouds
275,Lasa,46.6166,10.7002,42.01,93,40,6.91,IT,2021-02-06 17:50:19,scattered clouds
276,Broome,42.2506,-75.833,28.99,43,1,13.8,US,2021-02-06 17:50:19,clear sky
277,Vila Franca Do Campo,37.7167,-25.4333,59.0,88,75,18.41,PT,2021-02-06 17:50:20,broken clouds
278,Ostrovnoy,68.0531,39.5131,11.08,93,100,9.73,RU,2021-02-06 17:50:20,overcast clouds
279,Kjollefjord,70.9457,27.3465,26.13,94,100,19.91,NO,2021-02-06 17:50:20,light snow
280,Verkhnetulomskiy,68.6073,31.7962,24.8,86,75,13.42,RU,2021-02-06 17:50:21,light snow
281,Zhangye,38.9342,100.4517,28.47,70,0,4.0,CN,2021-02-06 17:45:28,clear sky
282,Den Helder,52.9599,4.7593,34.0,75,90,26.46,NL,2021-02-06 17:48:40,overcast clouds
283,Vanavara,60.34,102.2797,0.59,93,100,4.7,RU,2021-02-06 17:50:21,overcast clouds
284,Bardiyah,31.7561,25.0865,61.86,67,0,2.73,LY,2021-02-06 17:50:22,clear sky
285,Abong Mbang,3.9833,13.1833,77.77,28,26,0.72,CM,2021-02-06 17:50:22,scattered clouds
286,Naryan-Mar,67.6713,53.087,-25.87,85,58,12.8,RU,2021-02-06 17:50:22,broken clouds
287,Riosucio,5.4216,-75.7032,78.8,61,20,5.75,CO,2021-02-06 17:50:23,few clouds
288,Esperance,-33.8667,121.9,59.0,94,90,12.66,AU,2021-02-06 17:50:23,light rain
289,Bowen,-20.0167,148.2333,75.2,94,99,1.14,AU,2021-02-06 17:50:23,overcast clouds
290,Kiunga,-6.1219,141.2906,74.37,98,100,1.99,PG,2021-02-06 17:50:24,overcast clouds
291,Kloulklubed,7.0419,134.2556,78.8,94,75,8.05,PW,2021-02-06 17:46:59,light rain
292,Koch Bihar,26.3167,89.4333,63.16,52,37,7.34,IN,2021-02-06 17:50:24,scattered clouds
293,Hearst,49.6835,-83.6665,-5.8,65,100,10.36,CA,2021-02-06 17:50:24,overcast clouds
294,Baykit,61.67,96.37,6.39,91,100,4.65,RU,2021-02-06 17:46:48,light snow
295,Monchegorsk,67.9397,32.8739,19.99,92,90,10.96,RU,2021-02-06 17:50:25,overcast clouds
296,Sangar,63.9242,127.4739,-41.94,78,68,4.36,RU,2021-02-06 17:50:25,broken clouds
297,Trelew,-43.249,-65.3051,71.38,40,36,18.81,AR,2021-02-06 17:50:12,scattered clouds
298,Berdigestyakh,62.0989,126.6992,-38.56,80,53,2.75,RU,2021-02-06 17:48:16,broken clouds
299,Sorland,67.667,12.6934,34.79,82,95,25.55,NO,2021-02-06 17:46:28,overcast clouds
300,Sarahan,31.5167,77.8,33.22,61,0,12.66,IN,2021-02-06 17:50:26,clear sky
301,Clinton,42.587,-82.9199,21.0,73,75,13.8,US,2021-02-06 17:50:27,broken clouds
302,New Smyrna Beach,29.0258,-80.927,68.0,83,75,9.22,US,2021-02-06 17:50:27,broken clouds
303,Axim,4.8699,-2.2405,81.41,82,16,10.11,GH,2021-02-06 17:50:27,few clouds
304,Cherskiy,68.75,161.3,-9.62,81,0,6.42,RU,2021-02-06 17:50:27,clear sky
305,Oktyabrskoye,43.0645,44.7417,35.6,69,98,15.66,RU,2021-02-06 17:50:28,overcast clouds
306,Chamonix-Mont-Blanc,45.9238,6.8693,41.0,77,100,1.99,FR,2021-02-06 17:50:28,light rain
307,Mayo,38.8876,-76.5119,48.99,41,63,7.0,US,2021-02-06 17:50:28,broken clouds
308,Galle,6.0367,80.217,78.26,83,94,6.62,LK,2021-02-06 17:50:29,overcast clouds
309,Bria,6.5423,21.9863,78.6,19,87,4.14,CF,2021-02-06 17:50:29,overcast clouds
310,Skowhegan,44.7651,-69.7192,34.0,56,86,1.01,US,2021-02-06 17:45:38,overcast clouds
311,Iralaya,15.0,-83.2333,83.68,71,33,13.31,HN,2021-02-06 17:50:30,scattered clouds
312,Aykhal,66.0,111.5,-33.65,81,3,5.97,RU,2021-02-06 17:49:05,clear sky
313,Nizwa,22.9333,57.5333,58.51,43,0,5.26,OM,2021-02-06 17:49:26,clear sky
314,Kulhudhuffushi,6.6221,73.07,81.81,76,42,9.98,MV,2021-02-06 17:50:30,scattered clouds
315,Geraldton,-28.7667,114.6,71.6,94,90,24.16,AU,2021-02-06 17:46:15,overcast clouds
316,Dinard,48.6314,-2.0614,43.0,81,0,8.05,FR,2021-02-06 17:50:31,clear sky
317,Resistencia,-27.4606,-58.9839,84.2,45,0,6.91,AR,2021-02-06 17:50:31,clear sky
318,Alegre,-20.7636,-41.5331,80.02,78,100,2.89,BR,2021-02-06 17:50:32,overcast clouds
319,Rancho Palos Verdes,33.7445,-118.387,63.0,77,0,3.0,US,2021-02-06 17:50:32,clear sky
320,Inongo,-1.95,18.2667,78.03,75,42,0.4,CD,2021-02-06 17:49:17,scattered clouds
321,Sur,22.5667,59.5289,64.35,60,0,6.87,OM,2021-02-06 17:50:32,clear sky
322,Santa Cruz,-17.8,-63.1667,87.8,48,40,5.75,BO,2021-02-06 17:46:35,scattered clouds
323,Ewa Beach,21.3156,-158.0072,66.2,77,90,12.66,US,2021-02-06 17:46:30,overcast clouds
324,Lichtenburg,-26.152,26.1597,63.39,84,84,4.56,ZA,2021-02-06 17:50:33,broken clouds
325,Mount Pleasant,32.7941,-79.8626,52.0,71,90,4.61,US,2021-02-06 17:50:34,overcast clouds
326,Katav-Ivanovsk,54.7531,58.1956,6.17,90,100,13.98,RU,2021-02-06 17:50:34,snow
327,Moose Factory,51.2585,-80.6094,1.4,60,90,20.71,CA,2021-02-06 17:50:34,light snow
328,Lensk,60.7253,114.9278,-2.94,90,90,3.29,RU,2021-02-06 17:50:35,overcast clouds
329,Paamiut,61.994,-49.6678,22.87,82,0,6.93,GL,2021-02-06 17:46:37,clear sky
330,Magaria,12.9983,8.9099,75.04,18,78,8.77,NE,2021-02-06 17:50:35,broken clouds
331,Fairbanks,64.8378,-147.7164,-9.0,77,90,0.76,US,2021-02-06 17:46:38,light snow
332,Alice Springs,-23.7,133.8833,75.0,35,46,6.91,AU,2021-02-06 17:50:36,scattered clouds
333,San-Pedro,4.7485,-6.6363,81.36,82,44,9.6,CI,2021-02-06 17:46:55,scattered clouds
334,Sergeyevka,53.88,67.4158,32.65,97,100,15.35,KZ,2021-02-06 17:50:36,snow
335,Terrace,54.5163,-128.6035,28.4,100,75,1.74,CA,2021-02-06 17:50:36,mist
336,Walvis Bay,-22.9575,14.5053,68.0,73,16,6.91,NA,2021-02-06 17:50:37,few clouds
337,Jinchang,38.4953,102.1739,30.36,70,0,5.32,CN,2021-02-06 17:50:37,clear sky
338,Honningsvag,70.9821,25.9704,28.24,93,100,24.72,NO,2021-02-06 17:50:37,light snow
339,Limay,14.5333,120.55,77.0,88,40,6.91,PH,2021-02-06 17:50:38,scattered clouds
340,Kalabo,-14.97,22.6814,75.67,68,43,3.65,ZM,2021-02-06 17:50:38,light rain
341,High Level,58.5169,-117.136,-40.0,74,20,1.32,CA,2021-02-06 17:50:39,mist
342,Ucluelet,48.9329,-125.5528,46.0,93,75,21.85,CA,2021-02-06 17:47:00,broken clouds
343,Bourail,-21.5667,165.4833,74.5,86,3,1.92,NC,2021-02-06 17:50:39,clear sky
344,Avera,33.194,-82.5271,50.0,53,90,6.91,US,2021-02-06 17:50:39,overcast clouds
345,Ambon,-3.6954,128.1814,81.36,79,100,6.67,ID,2021-02-06 17:50:40,overcast clouds
346,Manono,-7.3,27.4167,73.09,90,100,3.6,CD,2021-02-06 17:50:40,light rain
347,Mehamn,71.0357,27.8492,25.81,94,100,20.09,NO,2021-02-06 17:50:40,light snow
348,Sibu,2.3,111.8167,77.0,94,40,3.44,MY,2021-02-06 17:49:08,moderate rain
349,Anloga,5.7947,0.8973,86.0,79,20,13.8,GH,2021-02-06 17:50:41,few clouds
350,Berlevag,70.8578,29.0864,26.55,94,100,24.16,NO,2021-02-06 17:50:41,light snow
351,Sterlibashevo,53.4376,55.2578,-0.18,90,100,20.51,RU,2021-02-06 17:50:41,overcast clouds
352,Palm Coast,29.585,-81.2078,66.99,87,96,4.0,US,2021-02-06 17:46:49,overcast clouds
353,Juneau,58.3019,-134.4197,19.4,79,75,4.61,US,2021-02-06 17:50:43,broken clouds
354,Nanortalik,60.1432,-45.2371,23.77,79,0,5.28,GL,2021-02-06 17:50:43,clear sky
355,Shimanovsk,52.0,127.7,-19.19,86,0,5.68,RU,2021-02-06 17:50:43,clear sky
356,Batticaloa,7.7102,81.6924,77.76,86,62,12.15,LK,2021-02-06 17:50:44,broken clouds
357,Saurimo,-9.6608,20.3916,69.04,94,99,3.8,AO,2021-02-06 17:50:44,overcast clouds
358,Lompoc,34.6391,-120.4579,57.0,76,1,5.75,US,2021-02-06 17:50:44,clear sky
359,Margate,51.3813,1.3862,44.01,91,99,4.0,GB,2021-02-06 17:50:44,moderate rain
360,San Patricio,28.017,-97.5169,68.0,77,90,9.22,US,2021-02-06 17:50:45,overcast clouds
361,Ondangwa,-17.9167,15.95,87.21,37,89,6.89,NA,2021-02-06 17:50:45,overcast clouds
362,Lishan,31.8576,113.2951,49.46,66,64,2.15,CN,2021-02-06 17:50:46,broken clouds
363,Mandal,25.45,74.5667,55.94,37,0,4.09,IN,2021-02-06 17:50:46,clear sky
364,Dingzhou,38.5131,114.9956,42.8,28,0,13.42,CN,2021-02-06 17:50:46,clear sky
365,Saldanha,-33.0117,17.9442,73.4,68,20,18.41,ZA,2021-02-06 17:50:20,few clouds
366,Kuantan,3.8077,103.326,75.2,88,20,5.75,MY,2021-02-06 17:50:47,few clouds
367,Saint-Augustin,51.226,-58.6502,33.42,95,100,22.64,CA,2021-02-06 17:50:48,light snow
368,Hagere Selam,6.4833,38.5167,54.77,56,39,3.87,ET,2021-02-06 17:50:48,scattered clouds
369,Funadhoo,6.15,73.2667,81.9,73,25,8.25,MV,2021-02-06 17:50:48,scattered clouds
370,Guerrero Negro,27.9769,-114.0611,66.13,51,1,4.47,MX,2021-02-06 17:45:58,clear sky
371,Bien Hoa,10.95,106.8167,78.8,83,40,4.61,VN,2021-02-06 17:50:36,light rain
372,Campina Verde,-19.5356,-49.4864,83.3,54,59,9.42,BR,2021-02-06 17:50:49,broken clouds
373,Puerto Asis,0.5133,-76.5007,78.8,83,90,4.61,CO,2021-02-06 17:50:49,overcast clouds
374,Port Hardy,50.6996,-127.4199,42.8,93,75,12.66,CA,2021-02-06 17:50:50,light rain
375,Irbeyskoye,55.6428,95.4522,17.64,94,100,5.26,RU,2021-02-06 17:50:50,overcast clouds
376,Karatsu,33.4425,129.9697,45.0,60,14,1.01,JP,2021-02-06 17:50:50,few clouds
377,Abalak,58.1286,68.5944,32.9,96,100,13.22,RU,2021-02-06 17:50:51,overcast clouds
378,Severobaykalsk,55.65,109.3167,0.3,90,100,2.48,RU,2021-02-06 17:50:51,overcast clouds
379,Deputatskiy,69.3,139.9,-35.9,85,74,1.05,RU,2021-02-06 17:50:51,broken clouds
380,Makushino,55.2103,67.2442,32.59,97,100,18.07,RU,2021-02-06 17:50:51,light snow
381,Boulder,40.0833,-105.3505,39.2,33,1,9.22,US,2021-02-06 17:46:28,clear sky
382,Sabang,5.8933,95.3214,81.55,81,16,12.21,ID,2021-02-06 17:48:42,heavy intensity rain
383,Dicabisagan,17.0818,122.4157,75.49,88,84,4.76,PH,2021-02-06 17:50:52,broken clouds
384,Goroka,-6.0834,145.3873,62.64,88,100,0.81,PG,2021-02-06 17:50:52,overcast clouds
385,Solana Beach,32.9912,-117.2711,64.99,58,1,2.21,US,2021-02-06 17:50:53,clear sky
386,Necochea,-38.5473,-58.7368,75.0,59,5,13.89,AR,2021-02-06 17:50:53,clear sky
387,Flinders,-34.5833,150.8552,64.0,88,0,1.99,AU,2021-02-06 17:50:53,clear sky
388,Huaihua,27.5494,109.9592,49.8,89,59,2.24,CN,2021-02-06 17:50:53,broken clouds
389,Kutum,14.2,24.6667,57.97,31,0,10.76,SD,2021-02-06 17:46:15,clear sky
390,Homer,59.6425,-151.5483,33.8,75,1,5.75,US,2021-02-06 17:50:54,clear sky
391,Okha,53.5739,142.9478,-0.67,93,100,14.12,RU,2021-02-06 17:50:54,overcast clouds
392,Bata,1.8639,9.7658,86.0,79,75,8.05,GQ,2021-02-06 17:50:54,broken clouds
393,Katherine,-14.4667,132.2667,77.0,94,75,5.75,AU,2021-02-06 17:50:55,broken clouds
394,Codrington,-38.2667,141.9667,58.21,79,93,14.16,AU,2021-02-06 17:48:28,overcast clouds
395,Saint-Georges,12.0564,-61.7485,86.0,51,20,24.16,GD,2021-02-06 17:50:55,few clouds
396,Prince Rupert,54.3161,-130.3201,37.4,100,90,4.61,CA,2021-02-06 17:49:53,overcast clouds
397,Hervey Bay,-25.2986,152.8535,73.99,82,100,1.01,AU,2021-02-06 17:50:56,overcast clouds
398,Olavarria,-36.8927,-60.3225,96.57,14,0,2.64,AR,2021-02-06 17:50:56,clear sky
399,Henties Bay,-22.116,14.2845,64.99,87,15,1.99,NA,2021-02-06 17:50:56,few clouds
400,Dunedin,-45.8742,170.5036,57.99,85,3,1.01,NZ,2021-02-06 17:50:57,clear sky
401,Sao Filipe,14.8961,-24.4956,71.2,70,11,13.27,CV,2021-02-06 17:50:57,few clouds
402,Chipinge,-20.1883,32.6236,66.78,100,100,3.76,ZW,2021-02-06 17:50:57,overcast clouds
403,Yeppoon,-23.1333,150.7333,75.2,78,90,1.14,AU,2021-02-06 17:50:58,overcast clouds
404,Severo-Yeniseyskiy,60.3725,93.0408,13.5,95,100,12.21,RU,2021-02-06 17:46:33,overcast clouds
405,Gemena,3.25,19.7667,83.59,33,73,1.14,CD,2021-02-06 17:50:59,broken clouds
406,Ormara,25.2088,64.6357,68.5,47,0,4.38,PK,2021-02-06 17:46:30,clear sky
407,Richards Bay,-28.783,32.0377,75.31,80,25,8.16,ZA,2021-02-06 17:50:59,scattered clouds
408,Atherton,53.5237,-2.4935,41.0,83,100,3.0,GB,2021-02-06 17:51:00,overcast clouds
409,Santa Rosalia,27.3167,-112.2833,68.72,24,0,6.87,MX,2021-02-06 17:51:00,clear sky
410,Kedrovyy,56.1667,91.8167,24.8,74,0,4.47,RU,2021-02-06 17:51:00,clear sky
411,Strezhevoy,60.7333,77.5889,32.0,100,90,8.95,RU,2021-02-06 17:51:01,light rain
412,Dafeng,23.4517,108.5881,67.42,54,2,4.29,CN,2021-02-06 17:51:01,clear sky
413,Laguna,38.421,-121.4238,52.0,87,1,2.15,US,2021-02-06 17:46:57,clear sky
414,Bilma,18.6853,12.9164,70.29,21,38,7.83,NE,2021-02-06 17:51:02,scattered clouds
415,Verkh-Usugli,52.7,115.1667,-13.0,85,17,2.28,RU,2021-02-06 17:48:44,few clouds
416,Bangsund,64.3968,11.3949,28.99,80,79,4.0,NO,2021-02-06 17:51:02,broken clouds
417,Tiksi,71.6872,128.8694,-25.56,86,100,5.82,RU,2021-02-06 17:51:03,overcast clouds
418,Khatanga,71.9667,102.5,-36.65,77,0,6.96,RU,2021-02-06 17:51:03,clear sky
419,Mporokoso,-9.3727,30.125,65.48,94,98,2.28,ZM,2021-02-06 17:51:03,light rain
420,Sechura,-5.5569,-80.8222,83.12,51,91,9.44,PE,2021-02-06 17:51:03,overcast clouds
421,Coquimbo,-29.9533,-71.3436,66.2,68,75,9.22,CL,2021-02-06 17:50:09,broken clouds
422,Pochutla,15.7432,-96.4661,84.99,65,40,11.5,MX,2021-02-06 17:51:04,scattered clouds
423,Yenagoa,4.9247,6.2642,84.0,71,3,8.9,NG,2021-02-06 17:47:00,clear sky
424,Riyadh,24.6877,46.7219,64.4,55,20,9.22,SA,2021-02-06 17:51:04,few clouds
425,Portland,45.5234,-122.6762,44.6,76,90,12.66,US,2021-02-06 17:48:46,overcast clouds
426,Dongli,23.5656,116.8194,59.0,88,2,5.66,CN,2021-02-06 17:51:05,clear sky
427,Loa Janan,-0.583,117.095,73.72,96,100,0.34,ID,2021-02-06 17:51:05,overcast clouds
428,Hofn,64.2539,-15.2082,35.11,85,99,18.03,IS,2021-02-06 17:46:20,light snow
429,Gisborne,-38.6533,178.0042,57.99,93,99,1.99,NZ,2021-02-06 17:51:06,overcast clouds
430,Muna,20.4833,-89.7167,88.0,69,40,6.91,MX,2021-02-06 17:51:06,scattered clouds
431,Clyde River,70.4692,-68.5914,-14.8,84,40,3.44,CA,2021-02-06 17:51:07,scattered clouds
432,Malanville,11.8685,3.3899,87.37,15,86,7.16,BJ,2021-02-06 17:51:07,overcast clouds
433,Dosso,13.049,3.1937,81.97,16,87,6.02,NE,2021-02-06 17:51:07,overcast clouds
434,Vostok,46.4856,135.8833,-11.79,91,100,2.64,RU,2021-02-06 17:51:08,overcast clouds
435,Ploemeur,47.7333,-3.4333,46.0,65,0,4.61,FR,2021-02-06 17:48:11,clear sky
436,Grindavik,63.8424,-22.4338,35.6,69,40,16.11,IS,2021-02-06 17:46:34,scattered clouds
437,Ojinaga,29.5667,-104.4167,66.2,16,1,12.66,MX,2021-02-06 17:49:12,clear sky
438,Los Chiles,11.0333,-84.7167,87.69,56,76,3.76,CR,2021-02-06 17:51:09,broken clouds
439,Novoagansk,61.9449,76.6625,34.47,99,100,9.91,RU,2021-02-06 17:51:09,light rain
440,Duldurga,50.6761,113.5931,-7.22,87,39,3.42,RU,2021-02-06 17:46:51,scattered clouds
441,Angoche,-16.2325,39.9086,81.46,82,100,5.53,MZ,2021-02-06 17:51:10,overcast clouds
442,Coruripe,-10.1256,-36.1756,85.93,61,90,18.61,BR,2021-02-06 17:51:10,overcast clouds
443,Vallenar,-28.5708,-70.7581,87.37,25,8,10.25,CL,2021-02-06 17:51:11,clear sky
444,Tongzi,28.7829,105.0877,55.92,68,86,2.1,CN,2021-02-06 17:51:11,overcast clouds
445,Gainesville,29.6516,-82.3248,53.6,87,90,8.05,US,2021-02-06 17:48:15,overcast clouds
446,Codajas,-3.8367,-62.0569,80.47,86,100,3.51,BR,2021-02-06 17:51:11,overcast clouds
447,Saint-Francois,46.4154,3.9054,48.99,100,77,3.44,FR,2021-02-06 17:51:11,broken clouds
448,Quchan,37.106,58.5095,42.82,82,100,13.09,IR,2021-02-06 17:51:12,overcast clouds
449,Umea,63.8284,20.2597,21.2,86,20,10.36,SE,2021-02-06 17:47:07,few clouds
450,Bonavista,48.6499,-53.1147,35.01,93,100,4.61,CA,2021-02-06 17:47:01,overcast clouds
451,Filingue,14.3521,3.3168,81.1,16,78,6.24,NE,2021-02-06 17:51:12,broken clouds
452,Wajir,1.7471,40.0573,91.4,38,1,5.95,KE,2021-02-06 17:51:12,clear sky
453,Mnogovershinnyy,53.9353,139.9242,-10.3,91,99,8.01,RU,2021-02-06 17:51:13,overcast clouds
454,Goure,13.9835,10.2704,77.0,13,75,1.99,NE,2021-02-06 17:51:13,broken clouds
455,Iqaluit,63.7506,-68.5145,23.0,86,90,10.36,CA,2021-02-06 17:48:15,overcast clouds
456,Halifax,44.6453,-63.5724,44.01,70,81,23.02,CA,2021-02-06 17:49:07,broken clouds
457,Iwaki,37.05,140.8833,44.62,65,0,11.18,JP,2021-02-06 17:46:52,clear sky
458,Xining,36.6167,101.7667,23.31,65,96,1.59,CN,2021-02-06 17:51:14,overcast clouds
459,Warrington,53.3925,-2.5802,41.0,87,75,14.97,GB,2021-02-06 17:51:15,light rain
460,Moron,-34.6534,-58.6198,93.99,32,0,1.01,AR,2021-02-06 17:51:15,clear sky
461,Bulgan,48.8125,103.5347,1.65,81,0,2.42,MN,2021-02-06 17:51:15,clear sky
462,Port Shepstone,-30.7414,30.455,76.15,88,78,13.71,ZA,2021-02-06 17:51:16,broken clouds
463,Farafangana,-22.8167,47.8333,80.49,83,99,12.84,MG,2021-02-06 17:51:16,moderate rain
464,Yangambi,0.8102,24.4336,76.62,54,9,1.79,CD,2021-02-06 17:51:17,clear sky
465,Havelock,34.8791,-76.9013,50.0,57,75,8.05,US,2021-02-06 17:51:17,broken clouds
466,Labuhan,-6.8844,112.2051,78.24,86,62,10.98,ID,2021-02-06 17:51:17,broken clouds
467,Dodola,6.9833,39.1833,59.5,55,83,4.47,ET,2021-02-06 17:51:18,light rain
468,Yasnyy,51.0333,59.8742,9.7,94,100,26.24,RU,2021-02-06 17:51:18,overcast clouds
469,Roald,62.5833,6.1333,21.99,68,0,4.61,NO,2021-02-06 17:51:18,clear sky
470,Tartagal,-22.5164,-63.8013,89.02,38,14,5.37,AR,2021-02-06 17:51:19,few clouds
471,Flin Flon,54.7682,-101.865,-27.4,62,1,13.8,CA,2021-02-06 17:51:19,snow
472,Chaihe,44.7667,129.7,-8.28,86,0,3.47,CN,2021-02-06 17:51:19,clear sky
473,Skibbereen,51.55,-9.2667,42.8,81,75,9.22,IE,2021-02-06 17:48:59,broken clouds
474,Kalmunai,7.4167,81.8167,76.73,88,66,9.64,LK,2021-02-06 17:51:19,broken clouds
475,Deniliquin,-35.5333,144.9667,60.01,71,13,9.04,AU,2021-02-06 17:51:20,few clouds
476,Vanimo,-2.6741,141.3028,76.98,87,98,5.32,PG,2021-02-06 17:47:08,moderate rain
477,Xiuyan,40.2928,123.2744,22.66,90,52,7.96,CN,2021-02-06 17:49:12,broken clouds
478,Houma,29.5958,-90.7195,63.0,88,90,10.36,US,2021-02-06 17:51:20,overcast clouds
479,Barra Velha,-26.6322,-48.6847,82.99,54,0,11.5,BR,2021-02-06 17:51:21,clear sky
480,Manjacaze,-24.7117,33.8828,73.96,88,92,4.27,MZ,2021-02-06 17:51:21,overcast clouds
481,Santa Rosa,14.3122,121.1114,77.0,88,20,2.3,PH,2021-02-06 17:51:21,few clouds
482,Paka,4.6374,103.4368,77.0,88,71,2.3,MY,2021-02-06 17:51:21,broken clouds
483,Huarmey,-10.0681,-78.1522,75.87,65,81,10.11,PE,2021-02-06 17:51:22,broken clouds
484,Mirnyy,62.5353,113.9611,-24.48,87,89,2.06,RU,2021-02-06 17:51:22,overcast clouds
485,Villars-Sur-Glane,46.7905,7.1172,43.0,93,20,2.3,CH,2021-02-06 17:51:22,few clouds
486,Kupang,-10.1667,123.5833,79.38,83,97,7.87,ID,2021-02-06 17:51:22,overcast clouds
487,Coffeyville,37.0373,-95.6164,37.4,65,90,10.36,US,2021-02-06 17:50:05,overcast clouds
488,Tandil,-37.3217,-59.1332,93.0,30,0,4.0,AR,2021-02-06 17:51:23,clear sky
489,Zvishavane,-20.3267,30.0665,70.92,92,83,7.34,ZW,2021-02-06 17:51:10,light rain
490,Athens,37.9795,23.7162,60.01,88,0,1.54,GR,2021-02-06 17:51:24,clear sky
491,Freeport,40.6576,-73.5832,44.6,39,1,21.85,US,2021-02-06 17:48:02,clear sky
492,Xuddur,4.1213,43.8894,79.66,30,0,9.4,SO,2021-02-06 17:51:24,clear sky
493,Wucheng,29.6008,118.175,48.0,83,0,0.87,CN,2021-02-06 17:51:25,clear sky
494,Juan Lacaze,-34.4342,-57.4381,84.99,45,0,5.75,UY,2021-02-06 17:51:25,clear sky
495,Beira,-19.8436,34.8389,84.2,84,40,4.61,MZ,2021-02-06 17:51:25,moderate rain
496,Povenets,62.8487,34.8262,10.11,94,100,8.23,RU,2021-02-06 17:47:02,overcast clouds
497,Ushtobe,45.2514,77.9838,36.75,74,90,6.44,KZ,2021-02-06 17:51:26,overcast clouds
498,Les Cayes,18.2,-73.75,81.34,73,67,13.8,HT,2021-02-06 17:47:09,broken clouds
499,Marsa Matruh,31.3525,27.2453,60.8,77,0,6.91,EG,2021-02-06 17:51:27,clear sky
500,Cordoba,-31.4135,-64.1811,89.01,47,20,14.97,AR,2021-02-06 17:46:29,few clouds
501,Pangnirtung,66.1451,-65.7125,14.0,79,75,2.3,CA,2021-02-06 17:51:28,broken clouds
502,Plettenberg Bay,-34.0527,23.3716,68.67,83,7,5.61,ZA,2021-02-06 17:49:06,clear sky
503,Wolfsberg,46.8406,14.8442,41.0,75,75,8.05,AT,2021-02-06 17:51:28,broken clouds
504,Toamasina,-18.1667,49.3833,80.6,94,40,4.61,MG,2021-02-06 17:51:28,scattered clouds
505,Norrtalje,59.758,18.705,25.0,49,91,1.01,SE,2021-02-06 17:51:29,light snow
506,Chippewa Falls,44.9369,-91.3929,0.0,55,1,14.97,US,2021-02-06 17:51:29,clear sky
507,Gornopravdinsk,60.05,69.9,34.93,95,100,9.44,RU,2021-02-06 17:51:29,overcast clouds
508,Akureyri,65.6835,-18.0878,32.0,64,75,4.61,IS,2021-02-06 17:49:02,broken clouds
509,Fairlie,55.756,-4.8556,39.0,86,89,5.99,GB,2021-02-06 17:51:30,overcast clouds
510,Ayorou,14.7308,0.9174,84.65,14,56,7.63,NE,2021-02-06 17:51:30,broken clouds
511,Safford,32.834,-109.7076,53.01,37,1,2.84,US,2021-02-06 17:51:30,clear sky
512,Samarai,-10.6167,150.6667,82.33,77,100,6.22,PG,2021-02-06 17:48:29,overcast clouds
513,Podgorica,42.4411,19.2636,50.0,87,20,4.61,ME,2021-02-06 17:51:31,few clouds
514,Fagersta,60.0042,15.7932,19.4,79,90,8.05,SE,2021-02-06 17:51:31,overcast clouds
515,Hobyo,5.3505,48.5268,77.72,75,1,14.18,SO,2021-02-06 17:51:31,clear sky
516,Pontiac,42.6389,-83.2911,19.99,67,90,14.97,US,2021-02-06 17:51:31,light snow
517,Sawtell,-30.3833,153.1,73.4,88,75,6.91,AU,2021-02-06 17:51:32,broken clouds
518,Iskateley,67.6803,53.1512,-26.14,85,61,12.73,RU,2021-02-06 17:51:32,broken clouds
519,Alto Araguaia,-17.3147,-53.2153,82.49,64,56,11.23,BR,2021-02-06 17:51:32,broken clouds
520,Guangyuan,32.442,105.823,49.06,51,79,3.18,CN,2021-02-06 17:51:32,broken clouds
521,Acari,-15.4311,-74.6158,82.13,50,99,11.86,PE,2021-02-06 17:51:33,overcast clouds
522,Rocha,-34.4833,-54.3333,85.1,37,0,15.17,UY,2021-02-06 17:51:33,clear sky
523,Kasempa,-13.4584,25.8338,68.18,90,66,4.23,ZM,2021-02-06 17:51:34,light rain
524,Sakaiminato,35.55,133.2333,39.2,93,20,2.3,JP,2021-02-06 17:51:34,few clouds
525,Mering,48.2656,10.9846,42.8,93,100,6.91,DE,2021-02-06 17:51:34,overcast clouds
526,Oistins,13.0667,-59.5333,84.2,58,20,19.57,BB,2021-02-06 17:48:49,few clouds
527,Praia Da Vitoria,38.7333,-27.0667,62.6,77,40,11.63,PT,2021-02-06 17:51:35,scattered clouds
528,Kayes,14.0,-11.0,92.75,11,53,9.53,ML,2021-02-06 17:51:35,broken clouds
529,Sosva,59.1766,61.8558,4.03,94,100,10.22,RU,2021-02-06 17:51:35,snow
530,Lovozero,68.005,35.0117,19.9,96,100,16.78,RU,2021-02-06 17:51:35,light snow
531,Bull Savanna,17.8868,-77.5902,80.83,65,23,20.85,JM,2021-02-06 17:51:36,few clouds
532,Bontang,0.1333,117.5,78.49,82,97,7.54,ID,2021-02-06 17:51:36,overcast clouds
533,Yumen,40.2833,97.2,26.62,73,49,1.5,CN,2021-02-06 17:51:36,scattered clouds
534,Acarau,-2.8856,-40.12,87.06,57,79,16.82,BR,2021-02-06 17:51:36,broken clouds
535,Caravelas,-17.7125,-39.2481,83.12,76,94,10.6,BR,2021-02-06 17:51:37,overcast clouds
536,Sobolevo,54.4299,31.8996,0.28,93,97,9.26,RU,2021-02-06 17:51:37,overcast clouds
537,Lethem,3.3803,-59.7968,92.08,40,75,11.27,GY,2021-02-06 17:51:37,broken clouds
538,Udachnyy,66.4167,112.4,-36.27,79,0,4.27,RU,2021-02-06 17:51:38,clear sky
539,Otane,-39.8833,176.6333,51.01,91,100,1.1,NZ,2021-02-06 17:51:38,overcast clouds
540,Kapit,2.0167,112.9333,74.23,95,100,1.07,MY,2021-02-06 17:51:38,light rain
541,Ossora,59.2353,163.0719,16.29,93,100,22.64,RU,2021-02-06 17:51:38,overcast clouds
542,Nome,64.5011,-165.4064,15.8,79,90,2.55,US,2021-02-06 17:51:39,overcast clouds
543,Mackay,-21.15,149.2,77.0,88,100,4.61,AU,2021-02-06 17:47:09,overcast clouds
544,Miri,4.4148,114.0089,78.8,94,40,4.68,MY,2021-02-06 17:51:39,light rain
545,Paracuru,-3.41,-39.0306,82.99,71,43,17.0,BR,2021-02-06 17:51:40,scattered clouds
546,San Pedro,14.35,121.0167,77.0,88,20,2.3,PH,2021-02-06 17:51:40,few clouds
547,Tessalit,20.1986,1.0114,81.27,14,100,9.33,ML,2021-02-06 17:51:40,overcast clouds
548,Puerto Escondido,15.85,-97.0667,84.2,74,20,5.75,MX,2021-02-06 17:51:40,few clouds
549,Pringsewu,-5.3582,104.9744,73.96,92,96,1.9,ID,2021-02-06 17:47:11,overcast clouds
550,Lakselv,70.0513,24.9718,24.8,86,90,19.57,NO,2021-02-06 17:51:41,light snow
551,Antalaha,-14.9003,50.2788,77.86,78,63,1.23,MG,2021-02-06 17:51:41,broken clouds
552,Gavrilov-Yam,57.3018,39.8533,-2.2,71,75,8.95,RU,2021-02-06 17:51:42,broken clouds
553,Port Keats,-14.25,129.55,82.6,79,66,15.52,AU,2021-02-06 17:48:52,light rain
554,Corsicana,32.0954,-96.4689,48.0,93,90,10.36,US,2021-02-06 17:51:42,mist
555,Adrar,20.5022,-10.0711,67.89,26,48,12.55,MR,2021-02-06 17:51:43,scattered clouds
556,Gravdal,68.1214,13.5031,32.81,88,78,21.59,NO,2021-02-06 17:51:43,broken clouds
557,La Ronge,55.1001,-105.2842,-27.4,68,6,5.75,CA,2021-02-06 17:51:43,clear sky
558,Kungurtug,50.5994,97.5228,0.64,86,85,1.92,RU,2021-02-06 17:46:56,overcast clouds
559,Rio De Jesus,7.9844,-81.1631,93.7,44,75,2.08,PA,2021-02-06 17:51:43,broken clouds
560,Parkes,-33.1333,148.1833,64.99,84,8,1.14,AU,2021-02-06 17:51:44,clear sky
561,Bubaque,11.2833,-15.8333,79.88,63,24,14.99,GW,2021-02-06 17:51:44,few clouds
562,Isiolo,0.3546,37.5822,72.36,62,27,3.85,KE,2021-02-06 17:51:44,scattered clouds
563,Bukid,5.5717,125.4056,80.33,72,100,3.49,PH,2021-02-06 17:51:44,overcast clouds
564,Half Moon Bay,37.4636,-122.4286,57.99,87,1,4.61,US,2021-02-06 17:47:10,mist
565,Antigonish,45.6169,-61.9986,46.99,65,99,11.01,CA,2021-02-06 17:50:59,overcast clouds
566,Goundi,9.3627,17.366,83.26,14,8,4.27,TD,2021-02-06 17:51:45,clear sky
567,Kailua,21.4022,-157.7394,64.4,82,20,2.68,US,2021-02-06 17:46:51,few clouds
568,Teguldet,57.3064,88.1667,28.63,98,100,8.39,RU,2021-02-06 17:47:11,light snow
569,Wagrowiec,52.8084,17.1996,25.0,51,48,8.99,PL,2021-02-06 17:51:46,scattered clouds
570,Jumla,29.2747,82.1838,27.59,79,5,6.11,NP,2021-02-06 17:51:46,clear sky
571,Constantine,36.365,6.6147,69.8,18,1,16.11,DZ,2021-02-06 17:47:08,clear sky
572,Atbasar,51.8,68.3333,32.88,97,100,18.99,KZ,2021-02-06 17:51:47,light snow
573,Kidal,18.4411,1.4078,79.21,15,61,9.86,ML,2021-02-06 17:51:47,broken clouds
574,Rabo De Peixe,37.8,-25.5833,59.0,88,75,18.41,PT,2021-02-06 17:51:47,broken clouds
575,Redmond,47.674,-122.1215,45.0,88,100,1.01,US,2021-02-06 17:50:01,overcast clouds
576,Pimentel,-6.8367,-79.9342,78.8,61,75,13.8,PE,2021-02-06 17:51:25,broken clouds
577,Moramanga,-18.9333,48.2,67.89,95,92,0.94,MG,2021-02-06 17:51:48,light rain
578,Lagoa,39.05,-27.9833,59.63,90,100,22.19,PT,2021-02-06 17:51:49,overcast clouds
579,Petropavlovsk-Kamchatskiy,53.0452,158.6483,23.0,68,100,24.61,RU,2021-02-06 17:51:49,light snow
580,Vila Velha,-20.3297,-40.2925,87.8,62,20,12.66,BR,2021-02-06 17:48:09,few clouds
581,Port-Gentil,-0.7193,8.7815,84.2,79,40,9.22,GA,2021-02-06 17:51:49,light rain
582,Evensk,61.95,159.2333,8.49,88,100,15.5,RU,2021-02-06 17:51:50,overcast clouds
583,Khandbari,27.3747,87.2039,49.8,75,96,4.47,NP,2021-02-06 17:49:13,overcast clouds
584,Sibolga,1.7427,98.7792,77.13,79,76,3.58,ID,2021-02-06 17:48:55,broken clouds
585,Landskrona,55.8708,12.8302,24.01,82,3,5.01,SE,2021-02-06 17:51:51,clear sky
586,Kirando,-7.4167,30.6,75.72,76,64,6.24,TZ,2021-02-06 17:51:51,light rain
587,Viking,53.1001,-111.7684,-20.2,76,100,2.3,CA,2021-02-06 17:51:52,overcast clouds
588,Orel-Izumrud,43.4583,39.9244,46.4,76,90,8.95,RU,2021-02-06 17:51:52,overcast clouds
589,Nalut,30.3333,10.85,69.67,21,97,11.56,LY,2021-02-06 17:51:52,overcast clouds
590,Ende,-8.8432,121.6623,77.76,78,95,1.68,ID,2021-02-06 17:51:53,overcast clouds
591,Kansanshi,-12.0951,26.4273,65.93,92,95,2.62,ZM,2021-02-06 17:51:53,moderate rain
592,Santiago,-33.4569,-70.6483,77.0,68,0,5.75,CL,2021-02-06 17:47:33,haze
593,Morristown,36.214,-83.2949,46.99,45,1,4.61,US,2021-02-06 17:51:54,clear sky
594,Preobrazheniye,42.9019,133.9064,19.31,90,96,7.9,RU,2021-02-06 17:46:58,overcast clouds
595,Cooma,-36.2333,149.1333,51.8,76,0,6.91,AU,2021-02-06 17:51:55,clear sky
596,Vokhtoga,58.8147,41.0461,-3.51,90,100,9.82,RU,2021-02-06 17:51:55,overcast clouds
597,Rock Sound,24.9,-76.2,76.24,83,4,17.76,BS,2021-02-06 17:51:56,clear sky
598,Lima,-12.0432,-77.0282,78.01,69,0,6.91,PE,2021-02-06 17:49:14,clear sky
599,Rio Gallegos,-51.6226,-69.2181,60.8,39,20,16.11,AR,2021-02-06 17:51:56,few clouds
600,Kibala,9.1104,18.3463,89.6,20,0,4.18,TD,2021-02-06 17:51:56,clear sky
601,Dongsheng,39.8161,109.9776,21.04,86,0,7.76,CN,2021-02-06 17:51:57,clear sky
602,Iquitos,-3.7481,-73.2472,84.2,74,75,2.3,PE,2021-02-06 17:51:57,broken clouds
603,Fare,-16.7,-151.0167,81.52,69,4,10.51,PF,2021-02-06 17:49:31,light rain
604,Kamenka,51.3223,42.7678,16.0,82,100,13.02,RU,2021-02-06 17:51:57,overcast clouds
605,Tura,25.5198,90.2201,57.02,72,45,2.3,IN,2021-02-06 17:51:58,scattered clouds
606,Illapel,-31.6308,-71.1653,79.88,37,0,9.66,CL,2021-02-06 17:51:58,clear sky
607,Vila,42.0304,-8.1588,45.0,82,72,5.5,PT,2021-02-06 17:51:58,broken clouds
608,Karanja,20.4833,77.4833,62.2,32,0,5.17,IN,2021-02-06 17:51:59,clear sky
609,Ulladulla,-35.35,150.4667,62.6,82,0,8.05,AU,2021-02-06 17:51:59,clear sky
610,Staryy Nadym,65.6118,72.6842,-23.66,85,90,13.42,RU,2021-02-06 17:51:59,overcast clouds
611,Vengerovo,55.6848,76.7471,31.41,99,100,17.16,RU,2021-02-06 17:52:00,overcast clouds
612,Tomohon,1.3346,124.8392,77.0,94,40,0.27,ID,2021-02-06 17:52:00,scattered clouds
613,Pauini,-7.7136,-66.9764,91.2,55,80,1.14,BR,2021-02-06 17:52:01,broken clouds
614,Bairiki,1.3292,172.9752,77.0,100,75,11.5,KI,2021-02-06 17:52:01,light rain
615,Larsnes,62.2028,5.5773,24.01,72,0,1.99,NO,2021-02-06 17:52:01,clear sky
616,Jijiga,9.35,42.8,61.88,58,30,7.9,ET,2021-02-06 17:52:02,scattered clouds
617,Tahoua,14.8888,5.2692,87.8,8,72,6.91,NE,2021-02-06 17:52:02,dust
618,Sarkand,45.41,79.9186,34.75,71,51,7.38,KZ,2021-02-06 17:52:02,broken clouds
619,Cockburn Town,21.4612,-71.1419,82.4,65,40,18.41,TC,2021-02-06 17:52:03,scattered clouds
620,Skole,49.0372,23.5135,27.0,67,100,4.97,UA,2021-02-06 17:52:03,overcast clouds
621,Bonthe,7.5264,-12.505,82.42,64,67,12.71,SL,2021-02-06 17:52:03,broken clouds
622,Wajima,37.4,136.9,48.58,71,7,17.31,JP,2021-02-06 17:52:04,clear sky
623,Areia Branca,-4.9561,-37.1369,98.6,32,20,18.41,BR,2021-02-06 17:52:04,few clouds
624,Koutsouras,35.0339,25.9469,57.99,82,0,2.93,GR,2021-02-06 17:52:04,clear sky
625,Makakilo City,21.3469,-158.0858,66.2,77,90,12.66,US,2021-02-06 17:52:04,overcast clouds
626,Yulara,-25.2406,130.9889,75.2,35,15,6.91,AU,2021-02-06 17:52:05,few clouds
627,Doha,25.2867,51.5333,69.8,83,0,6.91,QA,2021-02-06 17:49:54,clear sky
628,Alyangula,-13.8483,136.4192,78.8,100,90,16.11,AU,2021-02-06 17:52:05,heavy intensity rain
629,Shahr-E Babak,30.1165,55.1186,49.84,43,31,7.9,IR,2021-02-06 17:52:06,scattered clouds
630,Hovd,48.0056,91.6419,9.97,91,86,1.59,MN,2021-02-06 17:52:06,overcast clouds
631,Jalu,29.0331,21.5482,64.74,33,45,9.4,LY,2021-02-06 17:52:06,scattered clouds
632,Eureka,40.8021,-124.1637,48.0,84,0,3.0,US,2021-02-06 17:51:42,clear sky
633,Kenora,49.8167,-94.4337,-18.0,63,75,13.8,CA,2021-02-06 17:49:43,snow
634,Batagay,67.6333,134.6333,-26.52,84,100,1.1,RU,2021-02-06 17:52:07,overcast clouds
635,Chumikan,54.7183,135.315,-9.56,81,100,13.0,RU,2021-02-06 17:49:14,overcast clouds
636,Serov,59.6033,60.5787,-5.66,91,100,12.37,RU,2021-02-06 17:52:07,snow
637,Palana,59.1167,159.9667,11.16,94,100,15.5,RU,2021-02-06 17:52:08,overcast clouds
638,Szentlorinc,46.0402,17.9872,53.6,76,0,2.3,HU,2021-02-06 17:52:08,clear sky
639,Huanta,-12.9333,-74.25,68.0,49,75,4.61,PE,2021-02-06 17:50:22,broken clouds
640,Tazovskiy,67.4667,78.7,-25.11,86,71,10.4,RU,2021-02-06 17:52:08,broken clouds
641,Carballo,43.213,-8.691,46.99,80,26,1.01,ES,2021-02-06 17:48:14,scattered clouds
642,Kuala Terengganu,5.3302,103.1408,78.8,83,40,2.3,MY,2021-02-06 17:52:09,scattered clouds
643,Rongcheng,30.634,117.8517,49.62,80,0,1.95,CN,2021-02-06 17:52:09,clear sky
644,Lerwick,60.1545,-1.1494,33.8,47,90,19.57,GB,2021-02-06 17:52:09,overcast clouds
645,Zabol,32.25,67.25,41.68,59,5,1.39,AF,2021-02-06 17:52:10,clear sky
646,Misratah,32.3754,15.0925,70.92,33,50,12.35,LY,2021-02-06 17:52:10,scattered clouds
647,Christiana,-27.914,25.1611,71.4,70,63,9.22,ZA,2021-02-06 17:52:10,moderate rain
648,Maldonado,-34.6667,-54.9167,82.4,42,0,17.27,UY,2021-02-06 17:52:11,clear sky
649,Alegrete,-29.7831,-55.7919,80.92,42,0,5.41,BR,2021-02-06 17:52:11,clear sky
650,Abangay,10.9667,122.65,75.11,91,77,8.68,PH,2021-02-06 17:52:12,broken clouds
651,Salta,-24.7859,-65.4117,78.8,50,75,6.91,AR,2021-02-06 17:52:12,broken clouds
652,Kurtamysh,54.9103,64.4319,33.87,96,100,12.06,RU,2021-02-06 17:52:12,light rain
653,Iracoubo,5.4802,-53.2011,79.32,85,93,15.5,GF,2021-02-06 17:52:13,overcast clouds
654,Ahipara,-35.1667,173.1667,58.39,87,87,4.94,NZ,2021-02-06 17:52:13,overcast clouds
655,Umbertide,43.3055,12.3366,57.2,67,17,4.61,IT,2021-02-06 17:52:13,few clouds
656,Bima,-8.4667,118.7167,76.6,85,70,1.54,ID,2021-02-06 17:52:14,light rain
657,Great Falls,47.5002,-111.3008,0.0,78,90,11.5,US,2021-02-06 17:52:14,light snow
658,Umm Lajj,25.0213,37.2685,73.33,53,0,15.21,SA,2021-02-06 17:52:15,clear sky
659,Ginir,7.1333,40.7,61.39,50,50,2.35,ET,2021-02-06 17:47:30,scattered clouds
660,Vredendal,-31.6683,18.5012,70.39,74,0,23.11,ZA,2021-02-06 17:52:15,clear sky
661,Kalaleh,37.3807,55.4916,50.0,87,90,5.61,IR,2021-02-06 17:52:15,overcast clouds
662,Raduzhnyy,62.0961,77.475,34.54,98,100,10.22,RU,2021-02-06 17:52:16,overcast clouds
663,Okmulgee,35.6234,-95.9605,41.0,81,90,3.44,US,2021-02-06 17:48:05,moderate rain
664,Tromso,69.6496,18.957,28.4,69,75,11.5,NO,2021-02-06 17:52:16,light snow
665,Shelburne,44.0787,-80.2041,18.0,85,95,22.1,CA,2021-02-06 17:52:16,overcast clouds
666,Saryozek,44.3583,77.9753,38.39,67,98,8.25,KZ,2021-02-06 17:52:17,light rain
667,Black River,18.0264,-77.8487,84.2,70,20,14.97,JM,2021-02-06 17:52:17,few clouds
668,Yamada,39.4667,141.95,36.81,86,59,3.91,JP,2021-02-06 17:52:17,broken clouds
669,Zapolyarnyy,69.4154,30.8136,24.8,80,90,19.57,RU,2021-02-06 17:52:18,light snow
670,Hualmay,-11.0964,-77.6139,75.0,66,90,9.04,PE,2021-02-06 17:52:18,overcast clouds
671,Keffi,8.8486,7.8736,95.0,21,46,5.75,NG,2021-02-06 17:49:03,haze
672,Saint-Andre-Avellin,45.7168,-75.066,24.8,50,75,18.41,CA,2021-02-06 17:52:18,broken clouds
673,Rayagada,19.1667,83.4167,62.46,65,7,1.43,IN,2021-02-06 17:52:18,clear sky
674,Milkovo,54.7167,158.6167,6.67,94,100,3.65,RU,2021-02-06 17:52:19,light snow
675,Maun,-19.9833,23.4167,71.6,100,75,6.91,BW,2021-02-06 17:52:19,moderate rain
676,Luang Prabang,19.8856,102.1347,67.91,70,29,0.76,LA,2021-02-06 17:52:19,scattered clouds
